{"type": "FeatureCollection", "features": [{"type": "Feature", "properties": {"Maaku_ni1": "Uusimaa", "Maaku_ni2": "Nyland", "maaku2018": "01", "maaku2021": null}, "geometry": {"type": "Polygon", "coordinates": [[[23.32680262389881, 60.048072639868664], [23.307365976811393, 60.037203443581774], [23.3032203109925, 59.994464596810296], [23.274149778428107, 59.98063314291716], [23.278531336874806, 59.96867446883832], [23.238093557071117, 59.94433574881321], [23.203800192836518, 59.94556500133889], [23.18713184085091, 59.930838548114195], [23.22597832784379, 59.941423713243104], [23.170631501173506, 59.90958236491541], [23.147114990204965, 59.932094241532795], [23.229241865723946, 59.962168274593935], [23.190688715991012, 59.97646643605497], [23.17783386176364, 59.970594882270824], [23.181375238681767, 59.947138561953054], [23.15604052616055, 59.94580667724796], [23.16680501978187, 59.955258411548904], [23.15231335553377, 59.96715607034359], [23.10704751194093, 59.940766772297465], [23.095819533927493, 59.94754748152625], [23.1069149136196, 59.98351514876873], [23.129376580674887, 59.983810750433214], [23.11124148651138, 59.98971105518191], [23.118513626192833, 60.00143196576555], [23.19028919150564, 60.01719564457046], [23.19822043696916, 59.9941188318451], [23.21214306781709, 59.995190493937095], [23.197912833048022, 60.01393109522968], [23.233542764056576, 60.035915573679596], [23.03507473462153, 59.98839410206378], [23.05631933291638, 59.96996381062525], [23.055482975930186, 59.98170560536924], [23.078757902359403, 59.978197337724694], [23.056256605036587, 59.94911580481389], [23.068022223514223, 59.923033628336285], [23.028397735073174, 59.910164113059665], [23.0031531627409, 59.9357956918542], [23.021460568078222, 59.94132493624668], [22.9859313762772, 59.93732327327456], [22.9780784451931, 59.952859309195176], [22.96305982320517, 59.933282022214826], [22.99436908371658, 59.93096250499848], [23.00728027136095, 59.91391699088134], [22.983473542263294, 59.9268217815861], [22.941925277897074, 59.90823642491268], [22.887969624318185, 59.91583026695782], [22.852015111126235, 59.942403074895836], [22.87007345182832, 59.94943372231601], [22.86094569982011, 59.959394734442384], [22.811349868440306, 59.98497023485844], [22.809750307978266, 60.01730201874679], [22.839185174138336, 60.024183099628516], [22.84322708935491, 60.00724095255392], [22.82394799576217, 60.00077131737287], [22.85325942881094, 59.990183837897], [22.830287304641864, 59.98392842666204], [22.854705445217906, 59.98152894981665], [22.850864968635758, 59.967202245240934], [22.90807714389549, 59.97300398164423], [22.914454225222645, 59.99253301677008], [23.000186253928927, 59.97623792519566], [23.012167966446533, 59.991361075308824], [23.03085309659163, 59.987533172102054], [23.021936464213766, 60.00631418041722], [23.0500196469239, 59.993815899146426], [23.03451437699213, 60.00771965544783], [23.006843525739264, 60.004864205550625], [23.01880007970151, 60.02421962915577], [22.98487332300543, 60.03286122732408], [23.02152874131055, 60.04896442202816], [23.10633188296675, 60.03711170993449], [23.085254832724992, 60.01434329299339], [23.08567752255478, 60.00868638106478], [23.09408761691826, 60.00457178339627], [23.097634700348372, 60.01863119120784], [23.113460342762806, 60.00801543352952], [23.116357745844095, 60.044812505814676], [23.16219006252165, 60.06179487907094], [23.233820973923862, 60.06051239515062], [23.20933828211314, 60.04101977795481], [23.223151524784722, 60.03813869638284], [23.265744226561097, 60.06276577589919], [23.20071051084781, 60.075160942370516], [23.146432692235702, 60.057081833884816], [23.1396495369641, 60.068806199199756], [23.100712490842252, 60.05501097220053], [23.096825605332757, 60.0394902543283], [23.075565319912602, 60.04359883467445], [23.088150636944288, 60.053029167497954], [23.085230332394946, 60.05838549384566], [23.054010433179947, 60.04533204117061], [23.07049057817064, 60.0546872973103], [23.024200601154742, 60.06366730393253], [23.020804576220556, 60.06803858296011], [23.00859538382117, 60.07625749659068], [23.01594489806364, 60.07468680375624], [23.01921557095925, 60.08420106536648], [23.007297698619443, 60.07554357417854], [23.020086387064666, 60.063965500815584], [22.994957920412194, 60.06532439501748], [22.983959688629433, 60.08516565558203], [23.015524995830727, 60.084076077639196], [22.99998774430882, 60.09582820078598], [23.0278259776403, 60.101651209766885], [23.0564522525816, 60.08861228242558], [23.14864972853805, 60.100440649249755], [23.19749473331728, 60.12291353283729], [23.195781696397834, 60.13416567651587], [23.277655845405523, 60.153660665662684], [23.277540394816473, 60.17265135247877], [23.299301154446233, 60.18719655807114], [23.32587564214808, 60.18853733605422], [23.315955167002343, 60.17158449132621], [23.362937531934, 60.14989878715591], [23.379175664717124, 60.167045804254705], [23.470187137908063, 60.17260655894812], [23.553615738685757, 60.202204532182044], [23.607996235641604, 60.191406722804956], [23.648963671297743, 60.20156518038637], [23.63237601317892, 60.23273792119539], [23.6457595588973, 60.23632997455755], [23.58632157203913, 60.25884047497676], [23.61458863698776, 60.27105033774476], [23.627171407862686, 60.26052319127444], [23.6294781729236, 60.28266821789687], [23.673986757138717, 60.30307603399864], [23.689777029933257, 60.29368832427918], [23.727792570818625, 60.30773449764519], [23.72317245234054, 60.36875586521479], [23.790487272667402, 60.38782522468845], [23.784140397985706, 60.45018601818799], [23.69223022727201, 60.44990118401418], [23.737486117984638, 60.4903694485048], [23.837627794323506, 60.49128115838271], [23.87184984625856, 60.50793431804108], [23.844492484929933, 60.55642346281852], [23.887497982299482, 60.55850709695099], [23.92054909325656, 60.60608731917564], [23.86640545283447, 60.61863977248968], [23.917865603188307, 60.65384330734302], [23.961447720493194, 60.63807830128895], [24.041072508582666, 60.644521579111334], [24.08428585456301, 60.628090254925745], [24.237263718693864, 60.61806604258047], [24.234214018199932, 60.60145006691486], [24.285386673900227, 60.5654106120391], [24.305575566952047, 60.57104754460564], [24.293324458276526, 60.58435593748562], [24.347723534640984, 60.61215371962927], [24.410422429045365, 60.59212197560358], [24.398447170254737, 60.57717735571814], [24.423680349659453, 60.55249148244235], [24.548952132458332, 60.55983978981231], [24.577250298328522, 60.58580119323255], [24.562936193503212, 60.6024674620989], [24.566028552046205, 60.637071798260145], [24.615911176696198, 60.667568804797206], [24.73988030971868, 60.64749642702953], [24.809455811969375, 60.67282674846662], [24.89418027282812, 60.66010451483791], [25.034866431549244, 60.684992117492804], [25.112461807166216, 60.661596219389146], [25.084220860566266, 60.699207850335945], [25.192930185132493, 60.72473781446829], [25.118664297153742, 60.746684573951946], [25.06792438906781, 60.714552948656944], [25.058278024806455, 60.72498621717696], [25.0906384297996, 60.76293459311656], [25.15244573567506, 60.768364598291704], [25.102068224346297, 60.80976474192593], [25.183595411347717, 60.818253442296644], [25.209112376076046, 60.840851131908686], [25.221165944303053, 60.80403663449729], [25.284730257516323, 60.77622774778251], [25.29811756867737, 60.751955101303906], [25.38218380422885, 60.75340104583201], [25.43329970456684, 60.79544892189371], [25.474523965187505, 60.79268874915181], [25.513647924000832, 60.74812170549941], [25.519284246778202, 60.70389454755908], [25.610868504138004, 60.67147625916085], [25.72300727689967, 60.718421085802056], [25.831191371794578, 60.71395024007404], [25.859365739808386, 60.73202232131058], [25.914933353429163, 60.73587073381434], [25.93351867315828, 60.70594316437305], [26.02777509757979, 60.71663024298315], [26.10923911205092, 60.686376578449604], [26.142121557678557, 60.69048477542535], [26.214258421736854, 60.716251737169614], [26.223844012830654, 60.72927306723597], [26.20836346441647, 60.75799437045847], [26.253149458549547, 60.74809498087221], [26.265740937960345, 60.76149491760789], [26.3001305277113, 60.74920558459239], [26.298021836907253, 60.73093155998719], [26.331467905511126, 60.711888951269096], [26.33844821866576, 60.675827134771176], [26.362082163290232, 60.6682239042147], [26.347104675788973, 60.66135796109506], [26.458453247074505, 60.63908207692912], [26.48345131343375, 60.59685151019447], [26.53915740487767, 60.59494047860593], [26.545364842894084, 60.558993831661326], [26.488236416797672, 60.54353204688257], [26.511202991753343, 60.52731405651863], [26.447839512684833, 60.49241897399866], [26.454713014975955, 60.470202608311475], [26.43775002631694, 60.468456605009074], [26.45707224590405, 60.45281513160063], [26.454271472886205, 60.41658988211855], [26.401022655211815, 60.42974979655458], [26.41923159421822, 60.38443635753677], [26.38270568537784, 60.414750737365864], [26.366872840955576, 60.40895251216285], [26.37183213715075, 60.397374604433125], [26.33112345307944, 60.39756347673497], [26.348911943393457, 60.382838529413924], [26.33566002436663, 60.37130973251466], [26.31435535712506, 60.373081227382336], [26.28957514699843, 60.40535307746431], [26.299329281495364, 60.417729795394905], [26.28016981967343, 60.42397049100876], [26.297903839370026, 60.43054213635683], [26.269971578433445, 60.43126364971895], [26.240009120462727, 60.459701934826946], [26.24386041247746, 60.43663210336589], [26.235277987335337, 60.439070888825086], [26.231919483512876, 60.43618265414286], [26.267358715378897, 60.39078569238831], [26.16842059484979, 60.42390258330764], [26.175303833844755, 60.39713977480991], [26.19696625920056, 60.39246261125046], [26.18503355312756, 60.37662842532176], [26.208737994357, 60.37370796741054], [26.19511565154594, 60.36265801078455], [26.152276452551476, 60.379356878895955], [26.18120108819115, 60.3726513705823], [26.152060357677826, 60.38435054469846], [26.167751531247912, 60.3985286466453], [26.135108917331138, 60.39543665510126], [26.07102578934052, 60.43475935793346], [26.053686209461485, 60.42307417694077], [25.97789505845459, 60.4794737058293], [25.91684369467781, 60.48934060502061], [25.942140556130465, 60.471020284415], [25.970153646683293, 60.476563133268854], [25.955037684900272, 60.465840876553614], [25.97065012755677, 60.46387453836702], [25.95844397690378, 60.44494803611856], [25.99372259459098, 60.44955808512705], [25.998849788239234, 60.430539768032354], [26.041764113823483, 60.4126479835544], [26.02224057419829, 60.3981611024646], [25.99892032010812, 60.408256875856935], [25.987115777340346, 60.40243864470511], [26.120098615971592, 60.32581054907559], [26.08197571297459, 60.30508811382948], [26.028308558491183, 60.301779602372314], [26.020892958385822, 60.33561800165594], [25.988896515712028, 60.35382576558506], [26.002344526454984, 60.37459453564559], [25.979278166202814, 60.37316357760141], [25.982940942479473, 60.35095444868919], [25.953940246171882, 60.35154706716543], [25.905108484766547, 60.37494278646939], [25.89197361232382, 60.399101044692976], [25.863488130769678, 60.410715171589445], [25.84067300586727, 60.411794807524565], [25.913119813601003, 60.36690563792607], [25.91554776261452, 60.34345965295649], [25.8709128484492, 60.33880398157916], [25.884281819104658, 60.33415288239849], [25.86377209934832, 60.323384203264524], [25.901880953230872, 60.30295517347771], [25.883744500610078, 60.29490257216279], [25.91031867330772, 60.279090961736536], [25.898096866982616, 60.2724994845633], [25.936747828949112, 60.26164697112484], [25.897591138550727, 60.245525128905534], [25.860180718431213, 60.25549486299374], [25.876660902077443, 60.26710586389753], [25.85733365770388, 60.273947944688146], [25.861040221264854, 60.28926904550879], [25.804529656582122, 60.286452435010695], [25.74264282887727, 60.32383320617033], [25.74267942173769, 60.307333280110704], [25.759569906513686, 60.312408351762855], [25.78483243979657, 60.28201476972258], [25.843354413223132, 60.281133808302265], [25.847843196565687, 60.26729609667446], [25.78277705788756, 60.26524169730201], [25.794624511602173, 60.257370302230456], [25.786139498366047, 60.237273095433444], [25.7153030433135, 60.26246690513244], [25.709246037974545, 60.27787589501927], [25.662184506196855, 60.28077665320026], [25.669271567395757, 60.293337424618976], [25.642249063585165, 60.30096418709535], [25.653926048473824, 60.30645025045999], [25.62853918114735, 60.327813462152804], [25.721569758685447, 60.34093777179204], [25.689517196607895, 60.35984860517882], [25.703228829351353, 60.37318869231234], [25.669352613180035, 60.383351747374924], [25.617157782779532, 60.330227311040574], [25.59621186457296, 60.339714101482556], [25.58557790565576, 60.31101492630887], [25.574859123723936, 60.340384505050984], [25.513937307380665, 60.32743924190306], [25.54221441644565, 60.322016600804524], [25.557092274894302, 60.312374778280244], [25.53526475504791, 60.28189189421066], [25.52939466503332, 60.28846402029013], [25.51390568249767, 60.28590215983228], [25.527777670009538, 60.28196459178127], [25.510457637073756, 60.279063516814745], [25.495257230297533, 60.24928200777778], [25.480667024612107, 60.25388223044223], [25.498279774792604, 60.26323022400082], [25.450931667564788, 60.25194054707303], [25.45965464344042, 60.26044137481843], [25.435188760519303, 60.26759757287201], [25.425853527778482, 60.26345415264113], [25.440863317868672, 60.260100028112156], [25.447131399505164, 60.252032458744495], [25.38105153199336, 60.2532821514018], [25.3884688794437, 60.26881166324928], [25.35203386106097, 60.26384711163515], [25.33305779362272, 60.281962443975424], [25.324924798187016, 60.283144502445346], [25.323327129425504, 60.28460365073398], [25.324644648346776, 60.28607635016725], [25.322956629363528, 60.288728765405104], [25.31912786451178, 60.288336934946074], [25.346057068474828, 60.25805561223833], [25.203727555933867, 60.25424455509121], [25.190388838055757, 60.2482626732596], [25.21687876677402, 60.244380272454045], [25.20951933948575, 60.23305582477965], [25.16461936641719, 60.232435527129155], [25.20348476913368, 60.214588071859154], [25.17570556166413, 60.207764657861794], [25.18808497294783, 60.19980851371376], [25.177873161775537, 60.191727763242945], [25.159912422033578, 60.20789652109862], [25.133653646306204, 60.19944874820095], [25.153749277747096, 60.183400837830334], [25.130439478032287, 60.19866673519992], [25.088676411588665, 60.18711929845991], [25.105089378202933, 60.19594509003611], [25.123487475732308, 60.21949302540103], [25.02837790181656, 60.1848140192254], [24.998424363952623, 60.19624349547581], [25.024089317827002, 60.1947690550551], [25.02507566975178, 60.20770908763092], [24.99569880707516, 60.221970095653376], [24.989528560396607, 60.21214251197884], [25.006214026118716, 60.209860202844546], [24.993266083549653, 60.2026323676455], [24.996365598332684, 60.208240622690404], [24.981174940258263, 60.21577833448871], [24.975899425215687, 60.1757189437752], [24.932300308421933, 60.183970854565494], [24.970246134738392, 60.17414601751517], [24.9537953826348, 60.166820999387014], [24.96300290310076, 60.15593081108339], [24.92461103183664, 60.14635706355225], [24.92872602560035, 60.16165068683605], [24.909262773773026, 60.15033422537708], [24.921130805949566, 60.16201900123457], [24.897476943388686, 60.16605742046662], [24.915182382774418, 60.16815431397857], [24.898940445070263, 60.171438627273815], [24.912514595143687, 60.18108764981714], [24.882138618170593, 60.18983846660797], [24.892198522484552, 60.19800985129962], [24.893215842208967, 60.20240964674243], [24.887610353043897, 60.19566811446286], [24.878560797573154, 60.192151066003305], [24.876761782299216, 60.18912000440236], [24.874340774180784, 60.18755218872635], [24.872156063254646, 60.18744116219764], [24.845218336875153, 60.20959293269898], [24.81444087767669, 60.196379771850324], [24.840565460898077, 60.19073589175486], [24.83774202721481, 60.16687157219143], [24.81463345337286, 60.175423032951834], [24.79230312576191, 60.155425188603765], [24.685814280486976, 60.13963357749947], [24.702019908310184, 60.13206922622765], [24.678312430054426, 60.11586816418074], [24.6319786251936, 60.15235362392982], [24.560906195092198, 60.17414423727283], [24.54998185861309, 60.159876317886024], [24.609730286771413, 60.15687045861403], [24.628070699524805, 60.1360134278434], [24.567237283122708, 60.1016057936177], [24.619263894391633, 60.120809573391966], [24.647044217581307, 60.108920019416374], [24.588557802856368, 60.09833519342539], [24.619084009663126, 60.08116100882671], [24.53921468538619, 60.03994905695143], [24.546447150389557, 60.0272583994362], [24.50838680334578, 60.02019891269411], [24.51816417383121, 60.0083759750043], [24.50541952249177, 59.99654251213411], [24.487360414268338, 60.00797556020502], [24.489682069556512, 59.99470322578678], [24.46929890068739, 59.991277165901266], [24.451531448382944, 59.99675536414296], [24.457680620463627, 60.00365846624983], [24.457566536622476, 60.005269931286946], [24.45667714501508, 60.006276210204604], [24.445265655634195, 59.99450632347871], [24.464662829239604, 59.99056871675057], [24.458470586658947, 59.984637872404555], [24.42709305694636, 59.97608084970235], [24.429630916619207, 59.98371675739565], [24.423240469063423, 59.98821271240214], [24.394772021464725, 59.965614732412845], [24.390686706645415, 59.977557237158344], [24.425998849308233, 59.99177248963458], [24.437387598800424, 60.006876721626554], [24.425894857049318, 60.0077105165844], [24.43579706635297, 60.010454311092126], [24.47682214784619, 60.04126675572117], [24.44487121542023, 60.0349295517621], [24.48608034414949, 60.04825670059909], [24.468675432017587, 60.049188235739365], [24.47607289444804, 60.069373795139896], [24.40625237004569, 60.01778815955647], [24.38223355029441, 60.01699186852377], [24.381014434018805, 60.02854183292782], [24.370912534385123, 60.03647827963113], [24.335753282311043, 60.003326059286344], [24.32030653612365, 60.01423192584553], [24.36348855256799, 60.03717402672586], [24.386258796268482, 60.08503162709076], [24.306149095363207, 60.08763161410628], [24.292095588916567, 60.07774777840054], [24.318288021298503, 60.05890803171297], [24.27552811402044, 60.0568660969468], [24.264736095583906, 60.039964148851695], [24.193088026673614, 60.060718480270694], [24.16184066687516, 60.04977726922435], [24.201402073288552, 60.02733767958637], [24.136067385692694, 60.03668930645189], [24.137163562259047, 60.04545402188628], [24.151897725803078, 60.046948388825236], [24.154614604834812, 60.052720622409076], [24.119973530704833, 60.04110512442774], [24.12911133532263, 60.0319477183738], [24.11401516240153, 60.02603772782746], [24.086765010941203, 60.040778783527955], [24.069927911828724, 60.03215062037502], [24.09110602266516, 60.02619663513343], [24.09096197525802, 60.0204202114854], [24.05100852517053, 60.03344917968687], [24.037172224031433, 60.02346340915764], [24.018956589528678, 60.03779610161008], [24.033860717111246, 60.04468730302274], [24.013990437250595, 60.04648561244383], [23.96207702313598, 60.01144171840554], [23.88695159907689, 60.020682439043966], [23.838145323899006, 60.018725613393904], [23.901371678401713, 60.01221466723775], [23.82973324043242, 59.99770829201184], [23.835213121377627, 59.98304671590317], [23.80117911285763, 59.967305158796066], [23.7752243195849, 59.97100376462617], [23.79249611813121, 59.97205785719865], [23.80901383022713, 59.983866029257975], [23.778907594865945, 59.988025347002036], [23.71963061357932, 59.98601169071159], [23.755718072473524, 59.97388989509482], [23.73872272621748, 59.96859803633747], [23.675456922867685, 59.978889483881886], [23.637951144614824, 59.968680788614606], [23.64848579550332, 59.961776622825475], [23.595986934660907, 59.96789908638569], [23.618689238574547, 59.95919153005685], [23.68522775793278, 59.958297623134676], [23.678987958538134, 59.96993302222269], [23.692186394090122, 59.97231451237745], [23.707407922093928, 59.95788109510362], [23.679106663297592, 59.95486664458664], [23.720290559032247, 59.954102384934856], [23.72773306182238, 59.942751653906726], [23.723401938674478, 59.93896702115981], [23.49046914921599, 59.927422727828066], [23.468894374007373, 59.9458300186461], [23.492988359254323, 59.949689838514814], [23.459979233311582, 59.947093979108374], [23.453790302026505, 59.96069661665981], [23.58363371977301, 59.98739218213603], [23.495620070790384, 59.98511135174163], [23.448233485611578, 59.96476513552936], [23.4304478329961, 59.96389377166532], [23.42800435722483, 59.97738035972747], [23.490332893549482, 59.999183827675324], [23.47885059302903, 60.01421358789357], [23.49245821331179, 60.03358327373876], [23.541979348180117, 60.04110646850459], [23.534257784830313, 60.07325606396148], [23.561630960653236, 60.09249495374705], [23.547022734463265, 60.0979351066109], [23.51436253828116, 60.085983665471716], [23.518492153328246, 60.07019195517142], [23.491173453626498, 60.06184409612351], [23.492508693634022, 60.0499353073853], [23.462350482042417, 60.05015549500782], [23.465379049278578, 60.014477149307375], [23.40028986091966, 59.977452006135465], [23.37997865392932, 59.94090554320612], [23.222723479247758, 59.890582706319556], [23.24479654622684, 59.856442041246915], [23.21647316345912, 59.839949293158256], [23.1874446434149, 59.827699408453896], [23.086773043037507, 59.83506650019712], [23.039882085138604, 59.81686182959971], [22.994610002573676, 59.8270937381433], [22.92822179709683, 59.82349843221696], [22.913705453063276, 59.80802464193581], [22.890176698016273, 59.81161838737915], [22.936363273128755, 59.84543260978737], [22.984470144927197, 59.846658551470306], [23.102486056589157, 59.88762939821346], [23.15810054180128, 59.88700311046486], [23.166713896655207, 59.906630365120535], [23.206879174860518, 59.9108575717007], [23.192660190940664, 59.918075979071695], [23.271417941109007, 59.94915156519702], [23.296515454227023, 59.97578338408771], [23.32680262389881, 60.048072639868664]]]}}, {"type": "Feature", "properties": {"Maaku_ni1": "Varsinais-Suomi", "Maaku_ni2": "Egentliga Finland", "maaku2018": "02", "maaku2021": null}, "geometry": {"type": "Polygon", "coordinates": [[[21.581435256100143, 60.18657743814358], [21.687898605939587, 60.17928607852566], [21.692626265580387, 60.16195144981873], [21.640832436017444, 60.14719856730138], [21.67008642024548, 60.12019009873466], [21.646192917745264, 60.11195396745924], [21.606738216039144, 60.11255818944225], [21.618204253541034, 60.122159551817866], [21.540002134452383, 60.108417447667364], [21.49888352093718, 60.126554360722594], [21.528142616431772, 60.14343705083757], [21.5379458517136, 60.137628070938845], [21.591212694543714, 60.13806638029136], [21.52609060168297, 60.14532361799224], [21.513377689851332, 60.13897104317948], [21.50546844745023, 60.143470206101604], [21.581435256100143, 60.18657743814358]]]}}, {"type": "Feature", "properties": {"Maaku_ni1": "Varsinais-Suomi", "Maaku_ni2": "Egentliga Finland", "maaku2018": "02", "maaku2021": null}, "geometry": {"type": "Polygon", "coordinates": [[[21.86825063231428, 60.221632345497675], [21.892948851754603, 60.2113318404327], [21.837495051928634, 60.20843318731847], [21.947772216082154, 60.19021746679604], [21.92672827714234, 60.18080100689408], [21.897822054887918, 60.18479711599539], [21.916920650468853, 60.19032799261356], [21.913241588223418, 60.19151203634498], [21.863159852872016, 60.19838925222526], [21.837196605728277, 60.19487957129337], [21.909845461309782, 60.176281693149576], [21.75591782788898, 60.15671446682887], [21.8397294494936, 60.15740143024096], [21.810824708479725, 60.15340153037217], [21.816749200714508, 60.14152733669196], [21.797277824307084, 60.1298237662359], [21.761097278459616, 60.130799960812766], [21.775731183466835, 60.12412943796521], [21.690942849437636, 60.133511084268214], [21.717838330488387, 60.14592850086447], [21.705177428613336, 60.164761505444446], [21.753955654783315, 60.16868190620319], [21.710047963247444, 60.17595275340956], [21.73969524285597, 60.20658093251735], [21.763704910953905, 60.210656304808325], [21.77193222283227, 60.19759308731965], [21.780491665634482, 60.21506823158896], [21.83245141256787, 60.20803229472418], [21.86825063231428, 60.221632345497675]]]}}, {"type": "Feature", "properties": {"Maaku_ni1": "Varsinais-Suomi", "Maaku_ni2": "Egentliga Finland", "maaku2018": "02", "maaku2021": null}, "geometry": {"type": "Polygon", "coordinates": [[[22.618853138830026, 60.15090091940286], [22.41990042175523, 60.15743477874083], [22.411749670670282, 60.16833085980414], [22.460227722031924, 60.20874787154238], [22.539428316613634, 60.20275915653491], [22.617664426453295, 60.22991378945846], [22.845704947644077, 60.23744307284714], [22.913049132212148, 60.30573125321926], [22.951084898875486, 60.31506459296055], [22.98363252437694, 60.3019959778297], [22.938864267820765, 60.26000116122392], [22.89956270009959, 60.250379994687094], [22.91079311593879, 60.24801823485359], [22.896243057720955, 60.223011384429974], [22.833535138415122, 60.21225550446151], [22.86046143363288, 60.2126694795075], [22.852480201289698, 60.197464529258376], [22.868766972304478, 60.18660625471556], [22.833455694359596, 60.17971491539478], [22.828222581793362, 60.17391985023641], [22.85694024936558, 60.16731730448392], [22.84488780181027, 60.161854660634404], [22.8671687055444, 60.151607392873146], [22.85751252465311, 60.13920607889465], [22.880958012970318, 60.13582330948591], [22.853983756548608, 60.125404597069505], [22.837934322125374, 60.09375946088776], [22.75279371186344, 60.063851086501025], [22.776953210476275, 60.06361471052253], [22.779519032204036, 60.04817360823773], [22.75369820721992, 60.04376853577046], [22.786901962902288, 60.03673928366465], [22.773179334418586, 60.02547087613332], [22.783224999769466, 60.01759878883854], [22.762180568392388, 60.01204786271829], [22.764132359049622, 60.03447515815315], [22.746140658108327, 60.02988581192891], [22.76057409452954, 60.00650484278628], [22.7188938089008, 60.02102139280485], [22.695645472181504, 60.006426466808264], [22.66950750439203, 60.049220606914005], [22.63665513020209, 60.021647950061244], [22.654800205431062, 60.01898158963528], [22.62353953487713, 60.0151579636953], [22.604369175057954, 60.03042296455114], [22.57496232991466, 60.02073782239636], [22.614603412985762, 60.05165188248891], [22.615575165312034, 60.05859339122046], [22.61136506330436, 60.06132145674757], [22.59516605051132, 60.03888954659466], [22.55513306910986, 60.02615944444359], [22.469984171831225, 60.01043920150076], [22.46335882570055, 60.02418186079319], [22.451687612181313, 59.99785306895724], [22.436094896038043, 60.00206122848991], [22.446424516686818, 60.01155617506152], [22.431379036422964, 60.033529658529986], [22.415232961258738, 60.008751062954175], [22.407830554824955, 60.031101779681], [22.39303637684943, 60.03275508783766], [22.404213524386638, 60.006440514135804], [22.382787750860306, 60.00602982237439], [22.365573744676748, 60.08965226606611], [22.405116656770414, 60.10066673317363], [22.4099626053626, 60.086214264562514], [22.418336309881305, 60.09608863835804], [22.404691943540055, 60.104674541695076], [22.422813869185298, 60.11052761040265], [22.462150815068554, 60.09604583815496], [22.466223112725032, 60.07350733670902], [22.488497714453022, 60.08454696596626], [22.465163366353444, 60.10720538815631], [22.493831797722976, 60.10776449224902], [22.427721259894017, 60.12370844977596], [22.432824781265715, 60.13445108488943], [22.618853138830026, 60.15090091940286]]]}}, {"type": "Feature", "properties": {"Maaku_ni1": "Varsinais-Suomi", "Maaku_ni2": "Egentliga Finland", "maaku2018": "02", "maaku2021": null}, "geometry": {"type": "Polygon", "coordinates": [[[22.193329199724097, 60.332630009871174], [22.180020069361756, 60.32822396154438], [22.284278732508525, 60.326954967684735], [22.305282857560805, 60.30831652117824], [22.30297179727981, 60.28872453021579], [22.267607528593082, 60.26768609343326], [22.22317550357742, 60.26619932176472], [22.23782066141822, 60.251733191674866], [22.185831171130246, 60.25473244877873], [22.208116907569188, 60.25966123107675], [22.21189652872798, 60.28095660517739], [22.198072019791017, 60.28443995006189], [22.235133165259946, 60.29554838230119], [22.227771510548088, 60.29753855841781], [22.1695076140195, 60.30273364241979], [22.14428810873233, 60.29417191622489], [22.20025632369104, 60.292170119061836], [22.18990244461114, 60.285657812574016], [22.19653072623038, 60.272715156558746], [22.162552350710197, 60.2653754225314], [22.087375544607895, 60.285729216288935], [22.116235403951944, 60.31569740175923], [22.105881833264988, 60.327222551272484], [22.193329199724097, 60.332630009871174]]]}}, {"type": "Feature", "properties": {"Maaku_ni1": "Varsinais-Suomi", "Maaku_ni2": "Egentliga Finland", "maaku2018": "02", "maaku2021": null}, "geometry": {"type": "Polygon", "coordinates": [[[21.81772836552305, 60.484865868345906], [21.923795808219516, 60.464973706815165], [21.91990732126993, 60.452301636394125], [21.971921252385734, 60.41613565605404], [21.957425840650362, 60.40409262424175], [21.97825708099742, 60.407016975567636], [21.95818082797352, 60.40045088035034], [21.89958182510439, 60.40943347831076], [21.90926613990647, 60.39441776277235], [21.97841137222887, 60.40065783770234], [21.94633971109875, 60.37788109023763], [21.996052545203785, 60.38504708829755], [22.036561782312173, 60.36692019475906], [22.025646033241983, 60.35891617927699], [21.991844203578538, 60.36016383709055], [21.987408687575506, 60.358466336886565], [21.966321908407046, 60.358167047270015], [21.965649652048562, 60.35747337475043], [22.050043454195976, 60.352537124947546], [21.987391532583928, 60.34110295070764], [21.91254152835695, 60.34631627162399], [21.898930785008673, 60.34924462572729], [21.929936511775463, 60.35988554565368], [21.79760575801477, 60.389914341408726], [21.81514746288273, 60.39616181664626], [21.79489934805682, 60.3953802933262], [21.792408666269278, 60.401932143128626], [21.82386020601994, 60.40944743271094], [21.79605977969325, 60.414937020899806], [21.835088326281856, 60.42831116411423], [21.875620423041, 60.41418152509958], [21.813766083629304, 60.445028644855846], [21.835120936721996, 60.45020900499309], [21.808289782224794, 60.45713841901575], [21.82967362322903, 60.45878259223826], [21.81772836552305, 60.484865868345906]]]}}, {"type": "Feature", "properties": {"Maaku_ni1": "Varsinais-Suomi", "Maaku_ni2": "Egentliga Finland", "maaku2018": "02", "maaku2021": null}, "geometry": {"type": "Polygon", "coordinates": [[[21.384423724229414, 60.58689034931383], [21.37042854557689, 60.596871854041034], [21.420709654882323, 60.57856533577437], [21.428854002107144, 60.55469635526391], [21.496276240681855, 60.554002344639954], [21.535981387762515, 60.526953958863395], [21.477110841111017, 60.53645666228126], [21.48598309488622, 60.505396224689015], [21.491693000252326, 60.50121728576052], [21.503491931912972, 60.50053481068524], [21.50840138925747, 60.49699149051162], [21.478535331238486, 60.47893636673399], [21.433890663805588, 60.48429967150876], [21.443020758059525, 60.495713313823316], [21.3677132545428, 60.53677976075418], [21.371706924609104, 60.54780124982076], [21.389882577134546, 60.55057727498491], [21.390055158639697, 60.55374885755192], [21.377177597972217, 60.55056599657663], [21.379055996360982, 60.552979187740064], [21.36059064241628, 60.56115999459031], [21.355141167830986, 60.5605188787307], [21.376312432187802, 60.552334323878256], [21.36733101246483, 60.54671468845443], [21.36265205073878, 60.53345423966353], [21.370315210397788, 60.52817587527736], [21.332231939214314, 60.544599092315664], [21.348610286869793, 60.54960236526012], [21.32787163352762, 60.56452866336353], [21.384423724229414, 60.58689034931383]]]}}, {"type": "Feature", "properties": {"Maaku_ni1": "Varsinais-Suomi", "Maaku_ni2": "Egentliga Finland", "maaku2018": "02", "maaku2021": null}, "geometry": {"type": "Polygon", "coordinates": [[[21.327232805609317, 61.08902070887374], [21.39922763752309, 61.05982607528141], [21.480206920411895, 60.99947882127047], [21.6029464355801, 61.006922668511095], [21.591140702522733, 61.02882546673004], [21.62116398855842, 61.051789758505585], [21.665592351765827, 60.99633223291493], [21.734385209342342, 61.00089140095307], [21.766029111126727, 61.01369526493297], [21.75324835801655, 61.02655995272942], [21.8252069385164, 61.03417540798527], [21.804976898462062, 61.02009593213941], [21.88059265334209, 60.98108432877499], [21.95136517922841, 60.976936097669956], [21.944171432442893, 60.94651903278565], [21.99675713704194, 60.912549479425124], [21.985214322093526, 60.901001792902456], [22.12846733634011, 60.90420537869313], [22.160313633317593, 60.87200573896147], [22.188850901517768, 60.897476613297414], [22.213972478448053, 60.891558415085804], [22.188758589242312, 60.90102525680012], [22.24128406903535, 60.92381855053331], [22.313112639459742, 60.916014469301906], [22.519668905956514, 60.9511106455153], [22.586239530587044, 60.93879028376232], [22.522465854466713, 60.976401145564296], [22.579079071698153, 60.99019923010896], [22.81593305017448, 60.99340869373375], [22.824889217440873, 61.02651812322406], [22.80557606942936, 61.04034085422544], [22.83627745595135, 61.06018472118445], [22.816341945978195, 61.07879670267038], [22.823910553884556, 61.10143532015344], [22.865955270847373, 61.08757567935324], [22.88315939334263, 61.05873986022], [23.016281217359158, 61.02240229045706], [23.148076388973887, 61.0314112749021], [23.16504758607808, 61.005447921097], [23.29392897258019, 60.95469734889551], [23.291339127547964, 60.91793207338286], [23.253082948878063, 60.919471174470466], [23.266664790649685, 60.889109499107796], [23.135638121690175, 60.88351844012721], [23.14258184499598, 60.837502953448315], [23.230069679754028, 60.82540677234643], [23.199533997292693, 60.81819818204805], [23.154615352952167, 60.77416824002681], [23.277278884539328, 60.711075390499715], [23.27909697159341, 60.726101839211736], [23.333497732228096, 60.71794023832908], [23.48790913896864, 60.74844841519398], [23.53924814682969, 60.70432259025484], [23.68155736446437, 60.68322783670349], [23.68414732729115, 60.657241275289984], [23.900506805682696, 60.649756839814074], [23.86640545283447, 60.61863977248968], [23.92054909325656, 60.60608731917564], [23.887497982299482, 60.55850709695099], [23.844492484929933, 60.55642346281852], [23.86446069925741, 60.5387436542845], [23.851544979259355, 60.53059775021839], [23.86753569109353, 60.50495715612992], [23.837627794323506, 60.49128115838271], [23.737486117984638, 60.4903694485048], [23.69223022727201, 60.44990118401418], [23.784140397985706, 60.45018601818799], [23.790487272667402, 60.38782522468845], [23.72317245234054, 60.36875586521479], [23.727792570818625, 60.30773449764519], [23.689777029933257, 60.29368832427918], [23.673986757138717, 60.30307603399864], [23.6294781729236, 60.28266821789687], [23.627171407862686, 60.26052319127444], [23.61458863698776, 60.27105033774476], [23.58632157203913, 60.25884047497676], [23.6457595588973, 60.23632997455755], [23.63237601317892, 60.23273792119539], [23.648963671297743, 60.20156518038637], [23.607996235641604, 60.191406722804956], [23.553615738685757, 60.202204532182044], [23.470187137908063, 60.17260655894812], [23.379175664717124, 60.167045804254705], [23.362937531934, 60.14989878715591], [23.315955167002343, 60.17158449132621], [23.32587564214808, 60.18853733605422], [23.30591070188461, 60.18866009792646], [23.277540394816473, 60.17265135247877], [23.277655845405523, 60.153660665662684], [23.195781696397834, 60.13416567651587], [23.19749473331728, 60.12291353283729], [23.14864972853805, 60.100440649249755], [23.0564522525816, 60.08861228242558], [23.02499829485167, 60.110902121954446], [23.06520597056537, 60.130324196721155], [23.027711044292726, 60.12198225443495], [23.01535264057073, 60.129922891926114], [23.036420926213843, 60.139252545522076], [23.036478034033504, 60.1492438576757], [22.98406386018553, 60.12697106727283], [22.90315362983355, 60.14270513374848], [22.868794734241465, 60.16443635875913], [22.89081514051091, 60.17971118900222], [22.870183101360794, 60.197989831253366], [22.950854796088393, 60.24830423239517], [22.94855932040462, 60.266151987735775], [22.977520920865977, 60.28575293095137], [23.009633713990187, 60.28816260331714], [23.04956844178409, 60.346405755549064], [23.088697328055325, 60.3655893604133], [23.078478209426937, 60.37605998461285], [23.049895707068007, 60.36787663312336], [23.059197140827536, 60.359903421071785], [23.024672687569588, 60.33188569690205], [22.87527955190392, 60.30641172257534], [22.794068741103565, 60.25682824604777], [22.520660359846904, 60.21352095257584], [22.531143649860187, 60.2299341691114], [22.61473254316353, 60.2480628067932], [22.589622076202794, 60.24615065921409], [22.580790020469507, 60.25335620491968], [22.593609600412428, 60.2596117532968], [22.563187580280722, 60.26976842093724], [22.63710352249373, 60.285444910407726], [22.60450577270166, 60.29080235458519], [22.508791504912946, 60.25418087464969], [22.472632660190172, 60.25660748261211], [22.45391829208412, 60.26647467611167], [22.4820172885044, 60.27193899835626], [22.470814535715274, 60.28301026243105], [22.522892289845746, 60.304660319781306], [22.509707311726288, 60.30824266799692], [22.566212088386404, 60.338417398312274], [22.564618147045906, 60.355242832054735], [22.60188950234453, 60.36112208608948], [22.646012831581285, 60.405332760923926], [22.583296112921957, 60.376068139197535], [22.474131183149023, 60.385884518234306], [22.501660983693256, 60.4192204749484], [22.294088329632594, 60.38428274846389], [22.28561230197694, 60.408161189857765], [22.219041454834496, 60.44364542564779], [22.12479016301072, 60.43994433446846], [22.134956777757367, 60.446424776933775], [22.11651549356079, 60.445113537459605], [22.12820663971105, 60.470373868904375], [22.121684728218803, 60.47395772287198], [22.09422280442048, 60.445281548208925], [22.020765670456363, 60.46175167856088], [22.01268131429487, 60.47228553251786], [22.036798435642673, 60.47441951767718], [22.013279571969356, 60.48064678440786], [22.02431740975203, 60.49065145788508], [22.005910017748693, 60.48362923531619], [21.9810342928694, 60.498299551085935], [21.998456140099808, 60.51275983927535], [21.951988465492697, 60.51032919157489], [21.96791370223753, 60.5179940746467], [21.967166417009963, 60.5412114562034], [21.921713353581882, 60.52555990567457], [21.908832691871442, 60.546401092669335], [21.92672113665121, 60.5496374265831], [21.906108290940143, 60.55250683242132], [21.887749422940775, 60.53092287453099], [21.86496268700394, 60.549667628171704], [21.875395917153273, 60.51289101960388], [21.901491056338504, 60.488992082464655], [21.888348465593705, 60.480495562745276], [21.824659953926478, 60.50030133739082], [21.77674346384082, 60.497316064675445], [21.76684770335063, 60.47407868564016], [21.74265923585423, 60.481495535154586], [21.739288914464336, 60.494676861567285], [21.802231662055917, 60.5048966663203], [21.797398035150408, 60.51749561837737], [21.822928892783413, 60.53867299031094], [21.812130010590238, 60.56149136164968], [21.827650914874624, 60.564611116319654], [21.814218470394913, 60.57186617432869], [21.827677116313136, 60.582446855928914], [21.821290382438306, 60.59679415943147], [21.843853118499396, 60.600173981973825], [21.826563953643163, 60.606104159945765], [21.845903538005615, 60.61464938866744], [21.835392277626244, 60.63706273471717], [21.762101963846707, 60.596041327014625], [21.672861303380177, 60.58544773164633], [21.681994581935815, 60.573235701747116], [21.670359119856233, 60.56438760090051], [21.63824398424846, 60.57018118881586], [21.63104277981963, 60.56810391981258], [21.685338017643506, 60.55356144432538], [21.63864176141127, 60.505460263166675], [21.58461828055519, 60.49133566588924], [21.572621059613613, 60.50025273655318], [21.60569307141731, 60.52896544332657], [21.558863738486444, 60.55841229544023], [21.572488526569717, 60.56745914862278], [21.51238918245447, 60.5838005049416], [21.545393292337753, 60.594212335753916], [21.48893162158001, 60.585163606705606], [21.507658090733944, 60.58418859188038], [21.514413963603165, 60.57493712472944], [21.461071474174936, 60.58188191937208], [21.42346617530385, 60.60420859577991], [21.43779201310677, 60.61532605992783], [21.39300074662754, 60.63498508297002], [21.46159296633681, 60.631595528859954], [21.43897778971581, 60.64009601444741], [21.451309875123382, 60.647655601808786], [21.42460744272559, 60.64300333507121], [21.4318971659614, 60.65013182237108], [21.328179673613928, 60.69640298266176], [21.361393270617985, 60.689848124261054], [21.36819809029647, 60.697314224384705], [21.34030546363118, 60.703933616478764], [21.3598416565346, 60.712888048561226], [21.339790336434078, 60.714254542679335], [21.371120450094224, 60.71953218915057], [21.44905601072947, 60.7016420259401], [21.473139857020705, 60.706042878859], [21.447947226562057, 60.725294229097635], [21.365370444242753, 60.72058462493356], [21.3952066395512, 60.734526813842756], [21.370009720834368, 60.74090351563848], [21.39399455950862, 60.74594280966079], [21.373745800049086, 60.76624502802706], [21.414001955076163, 60.74996311172939], [21.4239752400292, 60.7262271872973], [21.448333298291292, 60.72606688655082], [21.428658225355505, 60.74183850232589], [21.46292363531653, 60.74509785514176], [21.38418150385469, 60.77705812540995], [21.419298087081483, 60.79901047897945], [21.36789552238803, 60.801654359243024], [21.39687945140143, 60.810089513830405], [21.394421703510364, 60.82236242018002], [21.348480222045687, 60.83037138210108], [21.321583864268366, 60.81161287359173], [21.279632264002935, 60.82744546202345], [21.286112096830163, 60.83881564387928], [21.25527396512422, 60.82662885538585], [21.179415938481554, 60.85943916737211], [21.21283220070509, 60.86552223703028], [21.186343241127506, 60.86562595678228], [21.213433783074354, 60.86829727712262], [21.21734813733943, 60.87711559779264], [21.174646551228747, 60.870343826119395], [21.178055721265263, 60.88535449677162], [21.190972923176815, 60.88017792884935], [21.201591954916296, 60.88451147766984], [21.179613827654286, 60.8885393438049], [21.19428751790892, 60.89380881894217], [21.25519730065413, 60.890664354757156], [21.20617211701094, 60.90743378654687], [21.229904008436634, 60.92350736407355], [21.26452274560638, 60.92642454998631], [21.298956770488974, 60.907600221609364], [21.319479374687436, 60.90382686143062], [21.28341302586086, 60.92702430475934], [21.32169385159821, 60.92771685880413], [21.297914136797218, 60.946501649098266], [21.325245312114063, 60.9384798176755], [21.321740993567765, 60.958754802490745], [21.240474488240046, 60.98223255182739], [21.28735154646963, 61.00428274210313], [21.405292558157853, 60.93859072008044], [21.365030435497022, 60.92925944588317], [21.409777179587962, 60.93200723674754], [21.432257431113, 60.91335973357039], [21.443161192115422, 60.9151467180023], [21.429762697960275, 60.95924543471379], [21.40338252496743, 60.963908126330736], [21.408761841944937, 60.97538919268166], [21.339099591944695, 61.01779559850475], [21.384218748402677, 61.02185873603777], [21.31774898735955, 61.0372653928915], [21.34529321790974, 61.054011227026216], [21.315012049858336, 61.0527717390862], [21.296643402975477, 61.08430179689669], [21.327232805609317, 61.08902070887374]], [[22.828268592465918, 61.07927205546333], [22.840753761226473, 61.08783531506303], [22.82844802165876, 61.088465434295536], [22.828268592465918, 61.07927205546333]]]}}, {"type": "Feature", "properties": {"Maaku_ni1": "Satakunta", "Maaku_ni2": "Satakunta", "maaku2018": "04", "maaku2021": null}, "geometry": {"type": "Polygon", "coordinates": [[[21.511631450532878, 61.31331327350904], [21.56724980630647, 61.30444580660272], [21.5655033371184, 61.30629543966612], [21.55455881717734, 61.30952611636346], [21.567482332263655, 61.30964932199241], [21.53762076127693, 61.321197370837034], [21.567646986013294, 61.328836771312005], [21.55195630966324, 61.33570930136858], [21.555989980727794, 61.33969821390898], [21.558960251603423, 61.33727618876343], [21.579325084747357, 61.334475135745194], [21.558698835760715, 61.34328746223867], [21.570445507695382, 61.34621254352303], [21.521371487846352, 61.357846231693735], [21.542811716091165, 61.366721749892505], [21.505375176931647, 61.381906049881025], [21.563164671873448, 61.38372706863556], [21.44738006750463, 61.429940152741416], [21.486907168448152, 61.42933756956659], [21.455539708395474, 61.442274142559754], [21.56243695404268, 61.424236269388814], [21.598432922322925, 61.44468114089002], [21.56665307045958, 61.46998980256728], [21.499595118406432, 61.488606539071505], [21.51760709150661, 61.493004339181105], [21.45008528164952, 61.50879032771339], [21.576579491118572, 61.49433161422318], [21.633457399446613, 61.514034796356356], [21.584671115642738, 61.529336319683416], [21.584315725615724, 61.5418619549632], [21.575308107076758, 61.52913530679693], [21.53784963992477, 61.53364559658079], [21.514921569580896, 61.56917222438545], [21.48060790888433, 61.567340043280446], [21.497934115375603, 61.589301778752585], [21.464164710630406, 61.58869536892492], [21.461153755797827, 61.59920784594508], [21.522260668458394, 61.61002795445244], [21.539653194951487, 61.58542907152528], [21.573217496504896, 61.57427206598148], [21.70503868924767, 61.55528105975339], [21.615733450151236, 61.60180050755694], [21.631756963577914, 61.603847336818355], [21.599801045303327, 61.618721264872065], [21.633698084611527, 61.615288206635185], [21.633431221858206, 61.61720626172827], [21.640528167182993, 61.6163105848739], [21.6485893662308, 61.619380511621905], [21.602484254448264, 61.629843234513885], [21.58770879825758, 61.644231723399855], [21.592026144928937, 61.647870644656166], [21.603699707633037, 61.64473188836526], [21.6091472376462, 61.64583053945693], [21.55644655381966, 61.6617632214954], [21.56037939617349, 61.674969177414674], [21.53913074472599, 61.6813313321504], [21.528446926322722, 61.69532879731637], [21.562902161376744, 61.686491494355714], [21.55118839590632, 61.69214004157306], [21.563893792927658, 61.689705544232], [21.55675632630923, 61.69325979626287], [21.563884089678947, 61.69538593811061], [21.584533263130094, 61.68694063283997], [21.58343101743884, 61.68939768579685], [21.559427004730725, 61.701637758403024], [21.534595043724337, 61.70066296529774], [21.506356376246647, 61.724536262048524], [21.54002250998049, 61.710072823618], [21.559703447337426, 61.71307243708115], [21.538584876312147, 61.71337984621316], [21.55210516135564, 61.72452905798652], [21.53916318715507, 61.727610145943494], [21.543558174550295, 61.73695869702812], [21.60628139559259, 61.71277490366685], [21.60749913272038, 61.71708673999356], [21.504496607335142, 61.78027566130135], [21.48093868946021, 61.77835164804392], [21.500836287544445, 61.766329274992664], [21.47337512036579, 61.771531269254766], [21.420932340464997, 61.80672597005517], [21.491901676215132, 61.80758755819134], [21.499007409220475, 61.79411521590756], [21.483244398450605, 61.788110254912], [21.504114787629064, 61.7840430816321], [21.515620222337724, 61.82007230837226], [21.53373078860271, 61.810257347510834], [21.54722429151748, 61.8149467487863], [21.466786862716297, 61.83757445799683], [21.495250595909773, 61.84167043885362], [21.46674771558586, 61.84869251213798], [21.463331032561225, 61.88575156787698], [21.417575365662763, 61.91362796334277], [21.441115307424358, 61.915631986338646], [21.43862295435607, 61.92739239426948], [21.39962020540556, 61.93950478741226], [21.418595568141804, 61.954464209860994], [21.395210520046547, 61.95629084925621], [21.372975541605236, 61.93664268319696], [21.33908816910292, 61.95578642090807], [21.426639758349705, 62.009585019732526], [21.524013227282534, 62.02459119491189], [21.702562636783604, 62.02092569189022], [21.97468636123973, 61.97975958807452], [22.11483032724195, 62.02906516633018], [22.19872151885397, 62.10333594864565], [22.32006402523628, 62.1031056767111], [22.450427088746558, 62.198458674333935], [22.52482867784256, 62.21019280442436], [22.59174816267786, 62.31112580335365], [22.745574754836642, 62.27330978037812], [22.831252259526398, 62.270883652000556], [22.82436556819523, 62.23755288477008], [22.842269366259025, 62.23684557035422], [22.855122491659138, 62.198200114952755], [22.841453439240702, 62.18686606303153], [22.861626436873067, 62.17255600419081], [22.7708935280508, 62.154394568457306], [22.780240238328684, 62.06072361588986], [22.602102463584654, 62.03708202397949], [22.52075278323666, 62.00151027301999], [22.60137534553139, 61.980903079091156], [22.598657492767988, 61.965522428052765], [22.608308856076214, 61.98419843999018], [22.625735111006662, 61.98103266838356], [22.620791438649693, 61.96853872162957], [22.655010157207425, 61.96525929767246], [22.646643459693497, 61.95210750996226], [22.665936673154388, 61.93067103100645], [22.738728757315723, 61.91064382638652], [22.724821127083345, 61.90633725367093], [22.73482288088225, 61.889801072575075], [22.788185032225655, 61.87062565958146], [22.736736716512397, 61.85998979219207], [22.82842185095869, 61.81521814732232], [22.823511451057254, 61.80001597160884], [22.786365110933637, 61.75533595564123], [22.693701637361865, 61.737766165982244], [22.67944082470148, 61.72577019360411], [22.687296086642085, 61.69907794751525], [22.6471739982509, 61.69650126904083], [22.67891382204102, 61.67109599692723], [22.64841587932373, 61.667735652440676], [22.654995120957153, 61.65406341956131], [22.685424119095305, 61.66063497399131], [22.689524353037314, 61.674936842881834], [22.716304327856836, 61.67195346294174], [22.724929958523344, 61.644961305243996], [22.70427255514485, 61.623874090675244], [22.660908141817444, 61.64165348754058], [22.696052057196642, 61.59976431698303], [22.64583224140572, 61.58413585697579], [22.640883191163006, 61.561195707484586], [22.60271632482008, 61.542499957501505], [22.582482443501195, 61.54830606250213], [22.434161869524704, 61.488922672113496], [22.509180167052108, 61.42814918874675], [22.561413338034004, 61.41956386854666], [22.5742311334162, 61.39687892940812], [22.558383575865722, 61.39428589950427], [22.59140255675757, 61.34211941609994], [22.559454251744853, 61.33091528781532], [22.618764395728626, 61.29169100521803], [22.645436055357354, 61.24662037570464], [22.856060976820707, 61.23584265679038], [22.93253307516405, 61.20716816171357], [22.956054771753063, 61.17660109698746], [22.915072786864837, 61.17877566130858], [22.924181072272056, 61.141993464916695], [22.971935345933204, 61.11585258602244], [22.91568341004477, 61.08653811630759], [22.936286507349525, 61.0728936567583], [22.99549550547937, 61.087774154090155], [23.00623431365763, 61.0749494989532], [22.95993523859628, 61.05881304619161], [22.968504598674965, 61.043254357202265], [22.88315939334263, 61.05873986022], [22.865955270847373, 61.08757567935324], [22.823910553884556, 61.10143532015344], [22.816341945978195, 61.07879670267038], [22.83627745595135, 61.06018472118445], [22.80557606942936, 61.04034085422544], [22.824889217440873, 61.02651812322406], [22.81593305017448, 60.99340869373375], [22.579079071698153, 60.99019923010896], [22.522465854466713, 60.976401145564296], [22.586239530587044, 60.93879028376232], [22.519668905956514, 60.9511106455153], [22.313112639459742, 60.916014469301906], [22.24128406903535, 60.92381855053331], [22.188758589242312, 60.90102525680012], [22.213972478448053, 60.891558415085804], [22.188850901517768, 60.897476613297414], [22.160313633317593, 60.87200573896147], [22.12846733634011, 60.90420537869313], [21.998080233372033, 60.897253238585435], [21.985214322093526, 60.901001792902456], [21.99675713704194, 60.912549479425124], [21.944171432442893, 60.94651903278565], [21.95136517922841, 60.976936097669956], [21.88059265334209, 60.98108432877499], [21.804976898462062, 61.02009593213941], [21.8252069385164, 61.03417540798527], [21.75324835801655, 61.02655995272942], [21.766029111126727, 61.01369526493297], [21.734385209342342, 61.00089140095307], [21.665592351765827, 60.99633223291493], [21.62116398855842, 61.051789758505585], [21.591140702522733, 61.02882546673004], [21.6029464355801, 61.006922668511095], [21.480206920411895, 60.99947882127047], [21.42716224423248, 61.02740216556306], [21.41996116582563, 61.04735786862821], [21.43649296644738, 61.06810330542062], [21.370753879184416, 61.09087236011333], [21.438901040545623, 61.08869833502511], [21.466709007262054, 61.07307451213544], [21.496006025153594, 61.07711227857557], [21.443732027360145, 61.1017638547075], [21.46030159439588, 61.10494880596187], [21.443985342460465, 61.11424554138006], [21.481714825711855, 61.11517626728922], [21.451270174152235, 61.12525789906915], [21.469193691019182, 61.12528263319847], [21.478788142073746, 61.12764154041253], [21.43006576096341, 61.12645111100973], [21.42503336429509, 61.13319951619595], [21.492904864472514, 61.14237806782078], [21.432398321525234, 61.16493140859742], [21.461025282356033, 61.171303063209706], [21.446808151623173, 61.184344370966045], [21.504694940510838, 61.186649725648735], [21.437972866317047, 61.19252400188381], [21.536248794231206, 61.18650786442733], [21.50668490045274, 61.2008915995402], [21.529878360570265, 61.20959997993386], [21.503616011807992, 61.21676292550913], [21.52767065058222, 61.214129131967304], [21.52295751815158, 61.2295391239208], [21.53677670783106, 61.233272153974106], [21.602089471565833, 61.215232436961905], [21.586398295386253, 61.22369475664388], [21.604800180297875, 61.22582304060043], [21.609492775236742, 61.23161887108686], [21.476725290564733, 61.276218292220406], [21.559733102832222, 61.27887908356407], [21.49252070625516, 61.30410329791639], [21.522012639199318, 61.30875057666298], [21.511631450532878, 61.31331327350904]], [[22.59246681260469, 61.25537772100496], [22.57935288833762, 61.258753275703775], [22.577823467605825, 61.25700148800434], [22.59246681260469, 61.25537772100496]], [[22.476587556243043, 61.57175488465891], [22.489409926162896, 61.584566205741595], [22.47639406236663, 61.581201449422494], [22.476587556243043, 61.57175488465891]], [[22.644865614994707, 61.9120070315158], [22.63761366713728, 61.91856040622299], [22.63456363946329, 61.918226850240394], [22.644865614994707, 61.9120070315158]], [[21.518997768799135, 61.60268739472107], [21.51767245634464, 61.60821347189296], [21.51391345216949, 61.6067002700257], [21.518997768799135, 61.60268739472107]]]}}, {"type": "Feature", "properties": {"Maaku_ni1": "Kanta-H\u00e4me", "Maaku_ni2": "Egentliga Tavastland", "maaku2018": "05", "maaku2021": null}, "geometry": {"type": "Polygon", "coordinates": [[[25.11097449825852, 60.818583347717414], [25.102068224346297, 60.80976474192593], [25.15244573567506, 60.768364598291704], [25.0906384297996, 60.76293459311656], [25.058278024806455, 60.72498621717696], [25.06792438906781, 60.714552948656944], [25.118664297153742, 60.746684573951946], [25.192930185132493, 60.72473781446829], [25.084220860566266, 60.699207850335945], [25.112461807166216, 60.661596219389146], [25.034866431549244, 60.684992117492804], [24.89418027282812, 60.66010451483791], [24.809455811969375, 60.67282674846662], [24.73988030971868, 60.64749642702953], [24.615911176696198, 60.667568804797206], [24.566028552046205, 60.637071798260145], [24.562936193503212, 60.6024674620989], [24.577250298328522, 60.58580119323255], [24.548952132458332, 60.55983978981231], [24.423680349659453, 60.55249148244235], [24.398447170254737, 60.57717735571814], [24.410422429045365, 60.59212197560358], [24.347723534640984, 60.61215371962927], [24.293324458276526, 60.58435593748562], [24.305575566952047, 60.57104754460564], [24.285386673900227, 60.5654106120391], [24.234214018199932, 60.60145006691486], [24.237263718693864, 60.61806604258047], [24.174943015357684, 60.62808258544769], [24.08428585456301, 60.628090254925745], [24.041072508582666, 60.644521579111334], [23.961447720493194, 60.63807830128895], [23.917865603188307, 60.65384330734302], [23.68414732729115, 60.657241275289984], [23.68155736446437, 60.68322783670349], [23.53924814682969, 60.70432259025484], [23.48790913896864, 60.74844841519398], [23.333497732228096, 60.71794023832908], [23.27909697159341, 60.726101839211736], [23.277278884539328, 60.711075390499715], [23.154615352952167, 60.77416824002681], [23.199533997292693, 60.81819818204805], [23.230069679754028, 60.82540677234643], [23.14258184499598, 60.837502953448315], [23.135638121690175, 60.88351844012721], [23.266664790649685, 60.889109499107796], [23.253082948878063, 60.919471174470466], [23.291339127547964, 60.91793207338286], [23.29392897258019, 60.95469734889551], [23.19536593910314, 61.00121980751961], [23.266170600342466, 61.006516900087966], [23.268735000127325, 61.02089195191641], [23.362461613095228, 61.01451637009105], [23.411198563948208, 60.96821664249779], [23.4738262059026, 60.96251590222612], [23.454187325318298, 60.98322993576559], [23.566436182318075, 61.001018974575594], [23.585956639980505, 60.984084320810084], [23.6185499758536, 61.002508180014324], [23.712336942504074, 61.009033532471136], [23.737632402645406, 61.0037023612949], [23.735882248759733, 60.9921149041469], [23.794951321718266, 60.989050753302884], [23.83937006466922, 60.93970582518765], [23.864907567806647, 60.953614320544546], [23.85253796733923, 60.980510825824524], [23.815408051680787, 61.00066077655596], [23.878512973865085, 61.02200561069782], [23.865597907380685, 61.0372688518346], [23.79261465304126, 61.025175873634836], [23.80372074495176, 61.051009695782014], [23.756756704880466, 61.05735514816927], [23.784129130507285, 61.07423382728431], [23.929045790950273, 61.089687134408386], [24.03718790756766, 61.12485094757699], [24.141967021826773, 61.123155715448114], [24.138958659801343, 61.14321168712383], [24.231947760522193, 61.14999802673141], [24.297273137593766, 61.19158111474612], [24.25801192628306, 61.21824340045311], [24.28255097749843, 61.24011630885898], [24.399413754282822, 61.246888582368534], [24.573676713297008, 61.303937424109584], [24.589630005633172, 61.288365339755444], [24.708320391161816, 61.27239892237863], [24.731737453488478, 61.317455874129735], [24.77056197907286, 61.26770379521268], [24.840835415073812, 61.274257873825164], [24.891306754206596, 61.28744522892245], [24.878856670363188, 61.29776506463877], [24.913942595954786, 61.32488126344093], [24.92073226292508, 61.286953768183395], [24.92643245979224, 61.29193269047832], [24.940123142223538, 61.29547561648877], [24.971998542740856, 61.277127970967896], [25.0128171992439, 61.29106701405411], [25.029382153395336, 61.24615327064828], [25.096849653166625, 61.256003947529635], [25.202823744596166, 61.24093846272056], [25.19975370111246, 61.22212387307499], [25.25986742427115, 61.18588939972683], [25.25011242618233, 61.17539390409982], [25.26952706202833, 61.15715384281991], [25.236441760948686, 61.13991248883046], [25.258902451333242, 61.128464368090896], [25.212699180899953, 61.10335199913386], [25.198083558091543, 61.07624542171984], [25.05700097972694, 61.050057648038376], [25.028697283014363, 61.030946553441815], [25.04822214371117, 61.018909822501996], [25.027385421249928, 60.99364814004399], [25.057401117909052, 60.99907031131767], [25.05938297532789, 60.98589974410299], [25.007536062818676, 60.92793082370426], [25.093770642855258, 60.918996708490035], [25.108108924166352, 60.865075161523116], [25.086580378687547, 60.86017190877458], [25.078572061479417, 60.83923597827668], [25.11097449825852, 60.818583347717414]], [[24.9365314490831, 61.291638162116364], [24.925381016873605, 61.28210231611401], [24.943231213789797, 61.28778320221919], [24.9365314490831, 61.291638162116364]]]}}, {"type": "Feature", "properties": {"Maaku_ni1": "Pirkanmaa", "Maaku_ni2": "Birkaland", "maaku2018": "06", "maaku2021": null}, "geometry": {"type": "Polygon", "coordinates": [[[24.013003199323805, 62.36332637104397], [24.026767245977137, 62.34180981195595], [24.014110087023823, 62.32404009500388], [24.048058899918164, 62.29791011953818], [24.075835483158777, 62.29695162070634], [24.080775276558885, 62.276405191868996], [24.144483263748402, 62.2524997831227], [24.266539640364428, 62.2603115463508], [24.293288363905162, 62.19533298560084], [24.33594797085948, 62.16803968184542], [24.400245202229492, 62.171642773752495], [24.427472397466886, 62.152704496315046], [24.440665403916203, 62.15804714560544], [24.426960852008936, 62.172971579831724], [24.498864263851186, 62.20456344148243], [24.560196406774267, 62.18565007303374], [24.623725450466356, 62.127866302813906], [24.673706319634576, 62.11545689781447], [24.665816285702714, 62.05241023969715], [24.703874283791603, 62.04666584513385], [24.730913470259242, 62.02319175134609], [24.62126074837975, 61.992534453803714], [24.601052022818816, 61.96212703019768], [24.54169141068676, 61.94212956589888], [24.524644009397708, 61.909333340883826], [24.613347010767654, 61.88715193369339], [24.72984886450492, 61.81331651557397], [24.80893054930782, 61.785951882329066], [24.81522675303116, 61.754297409864144], [24.772154016679135, 61.763484096206106], [24.753170609142213, 61.786604497787934], [24.724648670586976, 61.77944273831429], [24.721580603477054, 61.763415633262255], [24.748625477962694, 61.71911475968023], [24.735950999044988, 61.69376296585819], [24.767471172066205, 61.67588761764363], [24.79137407030785, 61.6903952051333], [24.854981481956376, 61.67320625182249], [24.812033982114727, 61.66002370986629], [24.828646168857407, 61.65098529359065], [24.96033446963172, 61.630652653205075], [24.94895109438875, 61.64104284548084], [24.964217025884945, 61.661801001101274], [24.913461529422396, 61.706475292958004], [24.95567407923811, 61.75553447972283], [24.95910554116519, 61.728334614949034], [25.003500676435277, 61.731258970771], [24.979555853083255, 61.758384536238346], [24.990030883870848, 61.76208431996341], [24.961636438719076, 61.77654965879459], [24.97927770206339, 61.786949369707834], [25.190253175078638, 61.72941264951524], [25.263917588863936, 61.73920717513592], [25.265179799547568, 61.72646521616461], [25.372843977541507, 61.71307431826702], [25.41226481105315, 61.75525654185271], [25.535220964405983, 61.77955938693449], [25.50086779731158, 61.76298859752207], [25.506639304574545, 61.633916052535064], [25.43742714122277, 61.48690615255572], [25.183291312662835, 61.47836004447824], [25.14777319174702, 61.45922449556402], [25.07852823425233, 61.4768638990265], [25.07951328161137, 61.46659507882811], [24.970480576982126, 61.45070381735061], [24.859952697420855, 61.47597776371916], [24.859132743574467, 61.451424081708744], [24.912402443952082, 61.41583751952874], [24.889252543957102, 61.355688207631545], [24.915135896286575, 61.32584104330705], [24.878856670363188, 61.29776506463877], [24.891306754206596, 61.28744522892245], [24.77056197907286, 61.26770379521268], [24.731737453488478, 61.317455874129735], [24.708320391161816, 61.27239892237863], [24.589630005633172, 61.288365339755444], [24.573676713297008, 61.303937424109584], [24.399413754282822, 61.246888582368534], [24.28255097749843, 61.24011630885898], [24.25801192628306, 61.21824340045311], [24.297273137593766, 61.19158111474612], [24.231947760522193, 61.14999802673141], [24.138958659801343, 61.14321168712383], [24.141967021826773, 61.123155715448114], [24.03718790756766, 61.12485094757699], [23.929045790950273, 61.089687134408386], [23.80453416776602, 61.07936050088279], [23.756756704880466, 61.05735514816927], [23.80372074495176, 61.051009695782014], [23.79261465304126, 61.025175873634836], [23.865597907380685, 61.0372688518346], [23.878512973865085, 61.02200561069782], [23.815408051680787, 61.00066077655596], [23.85253796733923, 60.980510825824524], [23.864907567806647, 60.953614320544546], [23.83937006466922, 60.93970582518765], [23.794951321718266, 60.989050753302884], [23.735882248759733, 60.9921149041469], [23.737632402645406, 61.0037023612949], [23.712336942504074, 61.009033532471136], [23.6185499758536, 61.002508180014324], [23.585956639980505, 60.984084320810084], [23.566436182318075, 61.001018974575594], [23.454187325318298, 60.98322993576559], [23.4738262059026, 60.96251590222612], [23.411198563948208, 60.96821664249779], [23.362461613095228, 61.01451637009105], [23.268735000127325, 61.02089195191641], [23.266170600342466, 61.006516900087966], [23.19536593910314, 61.00121980751961], [23.16504758607808, 61.005447921097], [23.148076388973887, 61.0314112749021], [23.016281217359158, 61.02240229045706], [22.95993523859628, 61.05881304619161], [23.00127311581624, 61.070706372579345], [22.99549550547937, 61.087774154090155], [22.936286507349525, 61.0728936567583], [22.91568341004477, 61.08653811630759], [22.971935345933204, 61.11585258602244], [22.924181072272056, 61.141993464916695], [22.915072786864837, 61.17877566130858], [22.956054771753063, 61.17660109698746], [22.93253307516405, 61.20716816171357], [22.856060976820707, 61.23584265679038], [22.645436055357354, 61.24662037570464], [22.618764395728626, 61.29169100521803], [22.559454251744853, 61.33091528781532], [22.59140255675757, 61.34211941609994], [22.558383575865722, 61.39428589950427], [22.5742311334162, 61.39687892940812], [22.561413338034004, 61.41956386854666], [22.509180167052108, 61.42814918874675], [22.434161869524704, 61.488922672113496], [22.582482443501195, 61.54830606250213], [22.60271632482008, 61.542499957501505], [22.640883191163006, 61.561195707484586], [22.64583224140572, 61.58413585697579], [22.696052057196642, 61.59976431698303], [22.660908141817444, 61.64165348754058], [22.70427255514485, 61.623874090675244], [22.724929958523344, 61.644961305243996], [22.716304327856836, 61.67195346294174], [22.689524353037314, 61.674936842881834], [22.685424119095305, 61.66063497399131], [22.654995120957153, 61.65406341956131], [22.64841587932373, 61.667735652440676], [22.67891382204102, 61.67109599692723], [22.6471739982509, 61.69650126904083], [22.687296086642085, 61.69907794751525], [22.67944082470148, 61.72577019360411], [22.693701637361865, 61.737766165982244], [22.786365110933637, 61.75533595564123], [22.823511451057254, 61.80001597160884], [22.82842185095869, 61.81521814732232], [22.736736716512397, 61.85998979219207], [22.788185032225655, 61.87062565958146], [22.73482288088225, 61.889801072575075], [22.724821127083345, 61.90633725367093], [22.738728757315723, 61.91064382638652], [22.665936673154388, 61.93067103100645], [22.646643459693497, 61.95210750996226], [22.655010157207425, 61.96525929767246], [22.620791438649693, 61.96853872162957], [22.625735111006662, 61.98103266838356], [22.608308856076214, 61.98419843999018], [22.614853508821355, 61.97767373433859], [22.598657492767988, 61.965522428052765], [22.60137534553139, 61.980903079091156], [22.52075278323666, 62.00151027301999], [22.602102463584654, 62.03708202397949], [22.780240238328684, 62.06072361588986], [22.7708935280508, 62.154394568457306], [22.861626436873067, 62.17255600419081], [22.841453439240702, 62.18686606303153], [22.855122491659138, 62.198200114952755], [22.842269366259025, 62.23684557035422], [22.82436556819523, 62.23755288477008], [22.8297443037792, 62.270048946038315], [22.896869150739338, 62.26900577285889], [23.217823356517783, 62.334166697857015], [23.22805808277645, 62.347209595674784], [23.206340026192084, 62.361001873679726], [23.265970338871615, 62.35986668745669], [23.25010903648523, 62.375644626588304], [23.2750844022053, 62.40790158387541], [23.337763620105836, 62.425083420992664], [23.335643567737108, 62.41180640512202], [23.42275641630791, 62.37831907530123], [23.518056696011445, 62.368051971298584], [23.50340731027714, 62.41464019057095], [23.66371329603884, 62.40863802271171], [23.789283380306504, 62.465892990691984], [23.810652437431, 62.45404494588567], [23.803823221872108, 62.47796771747755], [23.83523017152951, 62.49433630873496], [23.839107511088567, 62.45957913417163], [23.868184807236524, 62.46021467499814], [23.867355420737393, 62.48543435329041], [23.899137242732365, 62.484487770259086], [23.90735832041483, 62.41403702774745], [23.924218728096644, 62.3906216951397], [24.013003199323805, 62.36332637104397]]]}}, {"type": "Feature", "properties": {"Maaku_ni1": "P\u00e4ij\u00e4t-H\u00e4me", "Maaku_ni2": "P\u00e4ij\u00e4nne-Tavastland", "maaku2018": "07", "maaku2021": null}, "geometry": {"type": "Polygon", "coordinates": [[[26.2994564057491, 61.62738470543363], [26.319659182253588, 61.57197154813186], [26.301370002927207, 61.57850895106012], [26.261236674456164, 61.57987982103363], [26.303621024809203, 61.54604270843088], [26.292462010603792, 61.52498780725279], [26.268499551436907, 61.52405694351125], [26.278398319775842, 61.507395814767094], [26.30942680107585, 61.50609311101392], [26.31919802924505, 61.524698106708925], [26.321911063589074, 61.50945781025003], [26.34808238410209, 61.50439169639521], [26.334225298224, 61.49683385720756], [26.234883314745737, 61.509741126787006], [26.261788841253097, 61.50244294200698], [26.293250776523205, 61.46435342370543], [26.243664180922547, 61.446451186798], [26.319716844817705, 61.39871747280507], [26.28513437162572, 61.368185970033366], [26.318238052724123, 61.37090470975285], [26.315816737331648, 61.359846284549306], [26.386830314081138, 61.32477987907111], [26.483071417693175, 61.322836521733365], [26.513662873553265, 61.27432639461848], [26.424970127228747, 61.25150283310235], [26.43130488069827, 61.23730688885056], [26.385477652430794, 61.188137858248204], [26.27054562058969, 61.163009510124574], [26.234450453433183, 61.13000428951536], [26.256497428957395, 61.105338809489375], [26.310965917302493, 61.106654710149726], [26.249094282957554, 61.03993009469763], [26.26581096750271, 61.01166048970131], [26.330732621080166, 61.00014319163345], [26.375349212840046, 61.02805076792398], [26.504357977695882, 61.009796046624174], [26.495445140695047, 60.99065269148109], [26.541133044159608, 60.93937610211045], [26.538616499863426, 60.87185795856542], [26.45999188883261, 60.873545849847204], [26.511392395529853, 60.840615312602516], [26.38185618567675, 60.80749263604899], [26.396888781883373, 60.77940637526879], [26.374424668841034, 60.761108654425286], [26.29722044946069, 60.74861144329988], [26.20836346441647, 60.75799437045847], [26.223844012830654, 60.72927306723597], [26.214258421736854, 60.716251737169614], [26.10923911205092, 60.686376578449604], [26.02777509757979, 60.71663024298315], [25.93351867315828, 60.70594316437305], [25.914933353429163, 60.73587073381434], [25.859365739808386, 60.73202232131058], [25.831191371794578, 60.71395024007404], [25.72300727689967, 60.718421085802056], [25.610868504138004, 60.67147625916085], [25.519284246778202, 60.70389454755908], [25.513647924000832, 60.74812170549941], [25.474523965187505, 60.79268874915181], [25.43329970456684, 60.79544892189371], [25.38218380422885, 60.75340104583201], [25.29811756867737, 60.751955101303906], [25.284730257516323, 60.77622774778251], [25.221165944303053, 60.80403663449729], [25.209112376076046, 60.840851131908686], [25.183595411347717, 60.818253442296644], [25.092353776291258, 60.822265953881], [25.083811434892926, 60.8552857900587], [25.108108924166352, 60.865075161523116], [25.093770642855258, 60.918996708490035], [25.007536062818676, 60.92793082370426], [25.05938297532789, 60.98589974410299], [25.057401117909052, 60.99907031131767], [25.027385421249928, 60.99364814004399], [25.04822214371117, 61.018909822501996], [25.028697283014363, 61.030946553441815], [25.05700097972694, 61.050057648038376], [25.198083558091543, 61.07624542171984], [25.212699180899953, 61.10335199913386], [25.258902451333242, 61.128464368090896], [25.238326216093125, 61.143347708274], [25.269439897654156, 61.15815039435008], [25.25011242618233, 61.17539390409982], [25.25563314454802, 61.19507299402446], [25.19975370111246, 61.22212387307499], [25.202823744596166, 61.24093846272056], [25.096849653166625, 61.256003947529635], [25.029382153395336, 61.24615327064828], [25.0128171992439, 61.29106701405411], [24.971998542740856, 61.277127970967896], [24.940123142223538, 61.29547561648877], [24.92073226292508, 61.286953768183395], [24.921038001867828, 61.314342891515494], [24.889252543957102, 61.355688207631545], [24.912402443952082, 61.41583751952874], [24.859132743574467, 61.451424081708744], [24.859952697420855, 61.47597776371916], [24.970480576982126, 61.45070381735061], [25.07951328161137, 61.46659507882811], [25.07852823425233, 61.4768638990265], [25.14777319174702, 61.45922449556402], [25.183291312662835, 61.47836004447824], [25.43742714122277, 61.48690615255572], [25.506639304574545, 61.633916052535064], [25.50133330343761, 61.67685863085971], [25.608424210243342, 61.680692294953744], [25.68816260407918, 61.7183806474979], [25.748910315044956, 61.704807603914695], [25.757200654931953, 61.69858835065389], [25.74277358664774, 61.692513725467165], [25.771178597027447, 61.68506674972471], [25.83129473231653, 61.76800161437838], [25.856129242922815, 61.78078235335181], [25.844956222579064, 61.801407879883904], [25.883322437775945, 61.79462297411907], [25.858455121839736, 61.76207832878816], [25.907523665689737, 61.76507061993775], [25.923645899172683, 61.79074630303617], [25.983852479849787, 61.759599974575174], [25.994223090314843, 61.728733000346], [26.041504566432177, 61.723880544556636], [26.052474443499413, 61.738340891406224], [26.08106176295757, 61.70974023348285], [26.070382633986572, 61.6724215016495], [26.13758739122975, 61.619534590414695], [26.1609724662443, 61.61605157033384], [26.191814213347765, 61.650033370899465], [26.267102924689823, 61.64174399790819], [26.283079564939285, 61.65670344106962], [26.31440589900974, 61.63972190318498], [26.2994564057491, 61.62738470543363]], [[26.027558244401007, 61.68724011849525], [25.99615491010807, 61.69006992139702], [25.992686711124133, 61.67157512462694], [26.008691745800654, 61.68545943597022], [26.027558244401007, 61.68724011849525]]]}}, {"type": "Feature", "properties": {"Maaku_ni1": "Kymenlaakso", "Maaku_ni2": "Kymmenedalen", "maaku2018": "08", "maaku2021": null}, "geometry": {"type": "Polygon", "coordinates": [[[26.846113884879045, 60.46408910910958], [26.78970008606639, 60.455412451055], [26.76338030600064, 60.47130311059605], [26.797849888411246, 60.486399931440666], [26.779674171577902, 60.49282752013894], [26.767243062250543, 60.47682066552046], [26.735210530117858, 60.481199240951874], [26.746847578266667, 60.450540790622604], [26.72126327346846, 60.45163366326759], [26.711303401631543, 60.43206120263574], [26.669451660337486, 60.4257763844219], [26.62964801398591, 60.459434092183294], [26.56462631797476, 60.46151222082066], [26.56910500599338, 60.428425104658885], [26.44825703536383, 60.49134468623121], [26.511202991753343, 60.52731405651863], [26.488236416797672, 60.54353204688257], [26.54429215786206, 60.55490653864], [26.53915740487767, 60.59494047860593], [26.48345131343375, 60.59685151019447], [26.458453247074505, 60.63908207692912], [26.347104675788973, 60.66135796109506], [26.362082163290232, 60.6682239042147], [26.33844821866576, 60.675827134771176], [26.331467905511126, 60.711888951269096], [26.298021836907253, 60.73093155998719], [26.3001305277113, 60.74920558459239], [26.374424668841034, 60.761108654425286], [26.396888781883373, 60.77940637526879], [26.38185618567675, 60.80749263604899], [26.511392395529853, 60.840615312602516], [26.45999188883261, 60.873545849847204], [26.538616499863426, 60.87185795856542], [26.541133044159608, 60.93937610211045], [26.495445140695047, 60.99065269148109], [26.504357977695882, 61.009796046624174], [26.375349212840046, 61.02805076792398], [26.346282259001008, 61.00049749584972], [26.26581096750271, 61.01166048970131], [26.249094282957554, 61.03993009469763], [26.310965917302493, 61.106654710149726], [26.256497428957395, 61.105338809489375], [26.234450453433183, 61.13000428951536], [26.27054562058969, 61.163009510124574], [26.385477652430794, 61.188137858248204], [26.44399629310228, 61.26279321769768], [26.561711703305797, 61.270550599257625], [26.629138990573594, 61.29257888648855], [26.671101563492677, 61.2435905677354], [26.62987814743633, 61.22103495047812], [26.661317799111117, 61.20687902527027], [26.74544520434387, 61.22968336409307], [26.77940281346557, 61.270058483816136], [26.881219243999997, 61.28520393662582], [26.890827077986597, 61.2424495813565], [26.929397989896394, 61.21221869038242], [26.91213303518115, 61.18316152873329], [27.031167501144328, 61.152061290171524], [27.20943845837027, 61.161006666833], [27.218296202769185, 61.142785202256746], [27.17669444192417, 61.10694299072843], [27.22848997599157, 61.09020226341754], [27.15288246386875, 61.07079975163176], [27.159523847900928, 61.0277382789009], [27.141153440486292, 61.01054786876993], [27.17330574825233, 60.997985079421476], [27.19634996910938, 61.00699199197472], [27.219180369542837, 60.969803701780734], [27.24818704753935, 60.96782849703034], [27.180015897036764, 60.95045277973146], [27.121069438658697, 60.9640194719211], [27.213224321652344, 60.904049860532076], [27.3726216798302, 60.87899310864039], [27.50471649273383, 60.799232168105355], [27.678215800757226, 60.80164162503574], [27.713883751139647, 60.79533160322523], [27.72753855240422, 60.76279424663187], [27.751339589960846, 60.75757889825089], [27.849512578856487, 60.76604820542504], [27.901929150702014, 60.69638509609561], [27.952727739898172, 60.68598398134111], [27.951470991290467, 60.66715531118949], [27.991282517935076, 60.66898488770886], [27.838450386244, 60.578454165934325], [27.84730272540024, 60.561436599434856], [27.784052683843225, 60.54497167530809], [27.76643269946361, 60.58192094398702], [27.723810492964198, 60.576261791495014], [27.73976238615201, 60.572016546098105], [27.714537142216564, 60.564676382616504], [27.71451233210874, 60.54120141305565], [27.747664230937268, 60.52004904603056], [27.698741543625097, 60.51949185531537], [27.743515604497915, 60.5052141481434], [27.73971276875014, 60.484098751046666], [27.70256934614192, 60.49571284819849], [27.61712993419129, 60.481663721281755], [27.58674855219284, 60.49834018552719], [27.61069709543294, 60.517741360848305], [27.650790017073362, 60.51960758418411], [27.61077502429424, 60.525875637764656], [27.567291044944643, 60.50489414396515], [27.620023922916587, 60.4676332156928], [27.468036648092852, 60.51326276497271], [27.48554633974597, 60.500937672740854], [27.45652044843063, 60.48755118937558], [27.483917631677038, 60.47842115755545], [27.49063751993398, 60.45967125510374], [27.44982758070345, 60.47361327051026], [27.426916049570792, 60.465099898944494], [27.365338181087314, 60.51369866207643], [27.36988201887303, 60.500542020272164], [27.30438356281121, 60.52193312464921], [27.28034346306949, 60.5108587672677], [27.228668653797378, 60.531956436132006], [27.221596047480244, 60.51430916192082], [27.196925798854494, 60.515346624480294], [27.195431916657654, 60.55439990737323], [27.26169357539493, 60.52888488701137], [27.276832014891454, 60.52667045909717], [27.280918511470382, 60.532363377257745], [27.22035906482941, 60.559674052010344], [27.1825711482665, 60.55735625549759], [27.1732771230969, 60.57445209703833], [27.161630673472825, 60.56825494849685], [27.1829987540552, 60.52784097822058], [27.162584442935326, 60.51675854001044], [27.129265663093662, 60.52434743356205], [27.160600678176625, 60.5356799291789], [27.16075939228873, 60.54098549224568], [27.12956452051495, 60.52634989579389], [27.095809992965172, 60.54555442770741], [27.10202557181657, 60.553605606144174], [27.090118457798216, 60.5490057584234], [27.091009934991245, 60.530905971152364], [27.042355203811642, 60.554378822584006], [27.0524344847546, 60.54431904375472], [27.038429982768143, 60.54242243170451], [27.067690314104873, 60.530626274554244], [27.034317213011494, 60.51910689336022], [27.027486146000964, 60.547389598211005], [27.007936112376058, 60.55527190395848], [27.022343070988498, 60.51752245436578], [26.972991253964327, 60.51084623394253], [26.98957070931376, 60.4989621364698], [26.986529091687835, 60.490633519678184], [26.91146887675048, 60.49994847645461], [26.949597191600212, 60.481616282718925], [26.92012795044623, 60.46525071373271], [26.886285983621622, 60.486777808526526], [26.884800296737822, 60.47280232480795], [26.85241467961523, 60.47811234461084], [26.846113884879045, 60.46408910910958]]]}}, {"type": "Feature", "properties": {"Maaku_ni1": "Etel\u00e4-Karjala", "Maaku_ni2": "S\u00f6dra Karelen", "maaku2018": "09", "maaku2021": null}, "geometry": {"type": "Polygon", "coordinates": [[[30.14395743807287, 61.85224221574102], [30.071033084289585, 61.818787197847], [30.03811592781389, 61.765394394401675], [29.818705993152502, 61.65522397933384], [29.740461116852877, 61.57573473954385], [29.645234577296595, 61.52015494483648], [29.59152230135776, 61.495621699450375], [29.49624949235515, 61.491898037895794], [29.503099976556904, 61.46127735734343], [29.32477637941859, 61.34932217904241], [29.244829086921765, 61.27068994293573], [28.956858047492855, 61.15155065214103], [28.819102887662755, 61.12157671855292], [28.804301482676767, 61.09339313919759], [28.71384504177957, 61.04446242583651], [28.65500132947796, 60.9494993441283], [28.524604831504224, 60.957104565942], [28.484102091063967, 60.9257039153628], [28.32426193637722, 60.857857453831734], [28.22049976510567, 60.78279289110846], [28.174281029463717, 60.77861838223741], [28.13546585865908, 60.74086747719112], [27.9980842995252, 60.67041108542989], [27.951470991290467, 60.66715531118949], [27.952727739898172, 60.68598398134111], [27.901929150702014, 60.69638509609561], [27.849512578856487, 60.76604820542504], [27.751339589960846, 60.75757889825089], [27.72753855240422, 60.76279424663187], [27.713883751139647, 60.79533160322523], [27.678215800757226, 60.80164162503574], [27.50471649273383, 60.799232168105355], [27.3726216798302, 60.87899310864039], [27.213224321652344, 60.904049860532076], [27.121069438658697, 60.9640194719211], [27.180015897036764, 60.95045277973146], [27.24818704753935, 60.96782849703034], [27.219180369542837, 60.969803701780734], [27.19634996910938, 61.00699199197472], [27.17330574825233, 60.997985079421476], [27.141153440486292, 61.01054786876993], [27.159523847900928, 61.0277382789009], [27.15288246386875, 61.07079975163176], [27.22848997599157, 61.09020226341754], [27.17669444192417, 61.10694299072843], [27.218296202769185, 61.142785202256746], [27.205820111399316, 61.16247138639185], [27.35550404310262, 61.17354610689411], [27.358779617039012, 61.194949657732565], [27.387824730425137, 61.2022517779289], [27.364344078629376, 61.23934919131214], [27.433280729889937, 61.24769178009526], [27.430299472418568, 61.27164307884473], [27.577048796164515, 61.26320080724189], [27.596440601921344, 61.28083558009459], [27.542818215501985, 61.28921422960028], [27.609796985945874, 61.3082910355732], [27.588742086011873, 61.31965071756777], [27.595543213229675, 61.34316815797121], [27.754461490602072, 61.32905028439982], [27.79260651269923, 61.36207840394629], [27.93115527364474, 61.3503928960996], [28.265794481252613, 61.376116200413385], [28.30767539323506, 61.41689556059018], [28.339836860841377, 61.416276080637246], [28.354014504112897, 61.43809420892907], [28.426620290353426, 61.456844037890455], [28.419470169617437, 61.4846142284766], [28.440056703879492, 61.51155016712041], [28.462926740681194, 61.49902529833995], [28.490829501817082, 61.51344455487922], [28.525399903098247, 61.49810586268867], [28.523420769786437, 61.47777430182923], [28.64859974191261, 61.4649259297239], [28.71964883044508, 61.48317749239587], [28.79144051631452, 61.47775767003467], [28.792717173826443, 61.49525855452713], [28.81417873317491, 61.50158288559874], [28.81933684156051, 61.53708888673209], [29.049014043105238, 61.53369840270694], [29.261568014290205, 61.557769489584686], [29.294878183032086, 61.59700065129849], [29.404198745020693, 61.653868034749195], [29.538346871777836, 61.68389441087625], [29.559271635248923, 61.722072807270926], [30.10612024754341, 61.858656225937175], [30.133585762751526, 61.86430738686273], [30.14395743807287, 61.85224221574102]]]}}, {"type": "Feature", "properties": {"Maaku_ni1": "Etel\u00e4-Savo", "Maaku_ni2": "S\u00f6dra Savolax", "maaku2018": "10", "maaku2021": null}, "geometry": {"type": "Polygon", "coordinates": [[[28.652808243600372, 62.231323005396575], [28.701820818611093, 62.22375776909517], [28.715854867775086, 62.23548992776159], [28.779667497840784, 62.20492440609513], [28.79403656736907, 62.21058385549042], [28.746712465438453, 62.25329267551044], [28.75283539850998, 62.28676047694959], [28.77931066119925, 62.293363051642075], [28.859728766051433, 62.252882159190726], [28.88862869652048, 62.26368701814198], [28.92784388954695, 62.25376324277525], [28.95089654302166, 62.27682833904256], [28.935069611239246, 62.286014058842646], [28.973272064225327, 62.28868621868764], [28.933075701618915, 62.296092836440714], [28.985260499115235, 62.31061390883265], [29.004596372619915, 62.331998222436305], [29.040910921390864, 62.321161314095285], [29.089451704543077, 62.34297755814368], [29.124362129309723, 62.32651955329317], [29.168239975430513, 62.33205013623989], [29.15953364033097, 62.355889277480564], [29.183888845299137, 62.369438393343245], [29.164489898802778, 62.40177728746757], [29.230808585523306, 62.417756990169934], [29.26770795014768, 62.40768518562411], [29.295965344218814, 62.38672776920097], [29.307516479853245, 62.3343294854062], [29.39403732950623, 62.25035098923679], [29.43008175390875, 62.23652897420915], [29.40726777533149, 62.20178492511718], [29.45952411794828, 62.08115743506116], [29.50933356689515, 62.038291960709394], [29.57244673896128, 62.03012544722496], [29.660372535563994, 61.9768997264513], [29.616219248342098, 61.93572731088514], [29.614863459870392, 61.91332908770582], [29.696825625233604, 61.86439819036371], [29.665414867300832, 61.85508083691114], [29.689571611994513, 61.82029477625343], [29.63836781738469, 61.76063422833693], [29.57071947854903, 61.73606553570468], [29.548997124393075, 61.69007496471444], [29.404198745020693, 61.653868034749195], [29.294878183032086, 61.59700065129849], [29.261568014290205, 61.557769489584686], [29.049014043105238, 61.53369840270694], [28.81933684156051, 61.53708888673209], [28.81417873317491, 61.50158288559874], [28.792717173826443, 61.49525855452713], [28.79144051631452, 61.47775767003467], [28.71964883044508, 61.48317749239587], [28.64859974191261, 61.4649259297239], [28.523420769786437, 61.47777430182923], [28.525399903098247, 61.49810586268867], [28.490829501817082, 61.51344455487922], [28.462926740681194, 61.49902529833995], [28.440056703879492, 61.51155016712041], [28.419470169617437, 61.4846142284766], [28.426620290353426, 61.456844037890455], [28.354014504112897, 61.43809420892907], [28.339836860841377, 61.416276080637246], [28.30767539323506, 61.41689556059018], [28.265794481252613, 61.376116200413385], [27.93115527364474, 61.3503928960996], [27.79260651269923, 61.36207840394629], [27.754461490602072, 61.32905028439982], [27.595543213229675, 61.34316815797121], [27.588742086011873, 61.31965071756777], [27.609796985945874, 61.3082910355732], [27.542818215501985, 61.28921422960028], [27.596440601921344, 61.28083558009459], [27.577048796164515, 61.26320080724189], [27.430299472418568, 61.27164307884473], [27.433280729889937, 61.24769178009526], [27.36798576265579, 61.24327389457883], [27.387824730425137, 61.2022517779289], [27.325738327597747, 61.16768990661165], [27.301963380738123, 61.177213490743846], [27.04733382976573, 61.15130193478689], [26.936578977011383, 61.17496134031359], [26.91213303518115, 61.18316152873329], [26.929397989896394, 61.21221869038242], [26.890827077986597, 61.2424495813565], [26.881219243999997, 61.28520393662582], [26.77940281346557, 61.270058483816136], [26.74544520434387, 61.22968336409307], [26.661317799111117, 61.20687902527027], [26.62987814743633, 61.22103495047812], [26.671101563492677, 61.2435905677354], [26.629138990573594, 61.29257888648855], [26.51396613752388, 61.27158428610981], [26.483071417693175, 61.322836521733365], [26.5061715051799, 61.33983223879506], [26.464347276068526, 61.35202553669987], [26.443808770131167, 61.34839284723697], [26.483071417693175, 61.322836521733365], [26.386830314081138, 61.32477987907111], [26.315816737331648, 61.359846284549306], [26.318238052724123, 61.37090470975285], [26.28513437162572, 61.368185970033366], [26.319716844817705, 61.39871747280507], [26.243664180922547, 61.446451186798], [26.293250776523205, 61.46435342370543], [26.235511511928664, 61.51097264832356], [26.334225298224, 61.49683385720756], [26.34808238410209, 61.50439169639521], [26.321911063589074, 61.50945781025003], [26.31919802924505, 61.524698106708925], [26.30942680107585, 61.50609311101392], [26.275183839474103, 61.508652381977484], [26.268499551436907, 61.52405694351125], [26.292462010603792, 61.52498780725279], [26.303621024809203, 61.54604270843088], [26.261236674456164, 61.57987982103363], [26.319659182253588, 61.57197154813186], [26.315039146393165, 61.60844941601454], [26.354789941614616, 61.62192760894679], [26.34888385146835, 61.634407196298724], [26.377188771119854, 61.65780524736778], [26.515458039986648, 61.62705645776726], [26.51563371865377, 61.664480114225526], [26.533751469398243, 61.69132812182278], [26.42577692404001, 61.79629282856517], [26.367181304908957, 61.8078734652912], [26.389102412187498, 61.85415261429864], [26.371065111378073, 61.87046839701021], [26.37809010798842, 61.883067599362526], [26.324292211731194, 61.88003396978412], [26.343003822058776, 61.900730908124224], [26.334212574974128, 61.9507706343849], [26.41459035089513, 61.97288552760684], [26.22072255014957, 62.11856169386387], [26.3159481060806, 62.200470679413044], [26.41481176376814, 62.2078580973149], [26.435020771121103, 62.2263956391771], [26.44800963592971, 62.210737422180685], [26.49630220747882, 62.22890103290268], [26.47835658267471, 62.246970614942484], [26.544033925070124, 62.265626755066876], [26.614092398783296, 62.21705980210799], [26.65263158690249, 62.216927513737005], [26.659330703958187, 62.23226731303642], [26.638617559318735, 62.23894004140198], [26.624467005617912, 62.26850961033002], [26.632537154158335, 62.28338435399551], [26.610779033199112, 62.29497923064722], [26.683160557527284, 62.30772634992771], [26.661999095819873, 62.32696671252429], [26.669044203050355, 62.341861568419084], [26.780303381443378, 62.350697084039005], [26.680533003419903, 62.40382287453222], [26.709125308544195, 62.45294791761861], [26.760660435651225, 62.423998648904224], [26.832559045233108, 62.442978704225034], [26.81764977253372, 62.455298977123256], [26.87947800836425, 62.48551264757534], [26.954393175626546, 62.44234120086081], [26.971847784637667, 62.45427822335338], [26.94771981636911, 62.47630909784187], [26.96855144223121, 62.48840081649093], [26.997146054897158, 62.46950900644735], [27.061289554207047, 62.471323432205914], [27.081415942522874, 62.48852684477431], [27.10214802122828, 62.48476705789458], [27.114057109516953, 62.5062134808354], [27.170212002102875, 62.47614765203302], [27.16668753452847, 62.459220880604704], [27.195460799459763, 62.45595197777806], [27.189367978760316, 62.47014555638711], [27.211105727919392, 62.478811315684275], [27.202826021501508, 62.46667147092513], [27.220623895293375, 62.463756917639664], [27.224906041486598, 62.48003645912462], [27.28380118520938, 62.46219084707185], [27.302528270659003, 62.48588808266398], [27.362417411780726, 62.49623404740716], [27.347416724551074, 62.5084527398276], [27.36544318196291, 62.50757015956449], [27.369500031149528, 62.516120961335304], [27.34450960541389, 62.52287900615478], [27.36356287126648, 62.53001760866349], [27.385598516955632, 62.5054654115066], [27.464652941342706, 62.47084007346293], [27.57257253483446, 62.44805730325164], [27.685582297850686, 62.38862590936887], [27.69102310305, 62.36824334543653], [27.675455574333892, 62.35214977486079], [27.692956876600675, 62.33303482931899], [27.64719049606894, 62.32184280905549], [27.616425549280045, 62.29418375802892], [27.641497537159154, 62.2780520440909], [27.588096563811543, 62.290410409888274], [27.493724556428816, 62.27478978745796], [27.563563663928885, 62.22937825466808], [27.50144975504651, 62.23377347373622], [27.56616412569641, 62.147642351141265], [27.630933901371474, 62.15020687461613], [27.612001950778104, 62.14328472611571], [27.634152459281353, 62.13370149254691], [27.624571098588127, 62.11569298803799], [27.640991804602024, 62.10754125448687], [27.625196033785425, 62.10286131557197], [27.645829023391887, 62.08801285396849], [27.614101926133607, 62.076328828563504], [27.638974111860506, 62.06433037809538], [27.61578378447011, 62.05055327977265], [27.625686852925938, 62.03989940417793], [27.793608067982525, 61.98775912702906], [27.886337687761564, 62.01493211920132], [27.861321697251878, 62.039096245792095], [27.937149582833104, 62.046443711740295], [27.94472326412421, 62.0586341108327], [27.926983916003678, 62.0823513322136], [27.946738569950554, 62.088145944143875], [27.99866439845886, 62.06148013719184], [27.99859133609494, 62.08607194755672], [27.97418882387667, 62.10068526552338], [28.048359212101, 62.09988395406068], [28.0417770905264, 62.11305042457754], [28.080087663248296, 62.116437823036726], [28.02684516449143, 62.17037817663669], [28.046866743596357, 62.197506660835344], [28.02696975438867, 62.20530413073191], [28.092059063914846, 62.20881376570209], [28.04892181344186, 62.23529267281244], [28.059887066246223, 62.24355362067696], [28.22581153350553, 62.210582454961575], [28.30475329760116, 62.23213588509192], [28.504475107978898, 62.20152295476418], [28.616185647046706, 62.141007899848056], [28.62701626157232, 62.16801863010057], [28.654256803243214, 62.167857929036984], [28.642026603746487, 62.17496812986613], [28.651666980125395, 62.191186996534185], [28.629560899214372, 62.20101222021998], [28.658302332705556, 62.20376665546184], [28.652808243600372, 62.231323005396575]]]}}, {"type": "Feature", "properties": {"Maaku_ni1": "Pohjois-Savo", "Maaku_ni2": "Norra Savolax", "maaku2018": "11", "maaku2021": null}, "geometry": {"type": "Polygon", "coordinates": [[[28.35959019331887, 63.7547526231284], [28.46122731971629, 63.69860800450552], [28.584774877270128, 63.68833185499477], [28.606463679710053, 63.67465967186056], [28.58584806867885, 63.65910593335222], [28.606748833573505, 63.57544167549962], [28.684946335277413, 63.552667370219254], [28.603458541383947, 63.527455579597266], [28.649687119141067, 63.47218707048401], [28.666111141239707, 63.423194112530695], [28.75952581555844, 63.38780885863262], [28.73676392469166, 63.31135742476509], [28.683533184548775, 63.28402874770204], [28.70713636909079, 63.27217634010179], [28.64793609677969, 63.25013375097709], [28.661481412992458, 63.2416620874232], [28.610804132619123, 63.20383531890665], [28.698017484103683, 63.183109208765046], [28.831331948663493, 63.093903525729985], [28.860358181445953, 63.057306482975264], [29.03800833863218, 63.010852450965096], [29.06753588455956, 62.98418639442098], [28.971774149242, 62.95875883321023], [28.962781223990536, 62.94580725106967], [28.990910934838144, 62.94216072898348], [28.995740986969032, 62.92763927535681], [28.930909912688257, 62.93662011162411], [28.938618243401596, 62.91593105116973], [29.010294704006995, 62.873521975486604], [29.097602163195, 62.84558954088111], [28.966229206542746, 62.802996783503595], [28.929678569086274, 62.77293711975348], [28.833302594789345, 62.82491708315008], [28.774657856388295, 62.82828212329573], [28.717012215009383, 62.77332519845126], [28.642564385003, 62.76078594885759], [28.632706418560986, 62.743977335024965], [28.644018306810665, 62.72820152727032], [28.702879530328957, 62.694261100585805], [28.655021383075795, 62.668268933429815], [28.633741569420536, 62.62117599282457], [28.59870254142258, 62.61043995246321], [28.624196013053233, 62.59971017765513], [28.57767211423079, 62.58009208037392], [28.56076435462817, 62.59699485781791], [28.466973016305584, 62.583162658638855], [28.545461551332224, 62.56838141851003], [28.52077386230013, 62.54845677420202], [28.401072819679918, 62.57504658791349], [28.414119358345804, 62.56753807355132], [28.39755486481977, 62.55584292104355], [28.408579566626674, 62.534124025109705], [28.367771268024192, 62.503295073724935], [28.39340453105076, 62.484891556810304], [28.381865571108683, 62.4616357491344], [28.28504012562481, 62.474923764686395], [28.276777504347834, 62.46241944152575], [28.297370339238274, 62.441897902172585], [28.244771666920848, 62.42404586993394], [28.32899226511963, 62.378075179450164], [28.31500423546466, 62.35455262646111], [28.43390786467855, 62.34856819875499], [28.422984161469817, 62.32885960455456], [28.437926470101583, 62.316843471461], [28.49917646546021, 62.31639772045433], [28.562458678478198, 62.294369950526864], [28.652808243600372, 62.231323005396575], [28.658302332705556, 62.20376665546184], [28.629560899214372, 62.20101222021998], [28.651666980125395, 62.191186996534185], [28.642026603746487, 62.17496812986613], [28.654256803243214, 62.167857929036984], [28.612995083413228, 62.15797138041304], [28.623517190943144, 62.142687391648955], [28.504475107978898, 62.20152295476418], [28.30475329760116, 62.23213588509192], [28.22581153350553, 62.210582454961575], [28.059887066246223, 62.24355362067696], [28.04892181344186, 62.23529267281244], [28.092059063914846, 62.20881376570209], [28.02696975438867, 62.20530413073191], [28.046866743596357, 62.197506660835344], [28.02684516449143, 62.17037817663669], [28.080087663248296, 62.116437823036726], [28.0417770905264, 62.11305042457754], [28.048359212101, 62.09988395406068], [27.97418882387667, 62.10068526552338], [27.99859133609494, 62.08607194755672], [27.99866439845886, 62.06148013719184], [27.946738569950554, 62.088145944143875], [27.926983916003678, 62.0823513322136], [27.94472326412421, 62.0586341108327], [27.937149582833104, 62.046443711740295], [27.861321697251878, 62.039096245792095], [27.886337687761564, 62.01493211920132], [27.793608067982525, 61.98775912702906], [27.6998553278917, 62.008554036120444], [27.61578378447011, 62.05055327977265], [27.638974111860506, 62.06433037809538], [27.614101926133607, 62.076328828563504], [27.645829023391887, 62.08801285396849], [27.625196033785425, 62.10286131557197], [27.640991804602024, 62.10754125448687], [27.624571098588127, 62.11569298803799], [27.634152459281353, 62.13370149254691], [27.612001950778104, 62.14328472611571], [27.630933901371474, 62.15020687461613], [27.562713639229475, 62.15052917702846], [27.50144975504651, 62.23377347373622], [27.563563663928885, 62.22937825466808], [27.493724556428816, 62.27478978745796], [27.520182899803828, 62.2879250682826], [27.649823989029993, 62.281370986180995], [27.616425549280045, 62.29418375802892], [27.64719049606894, 62.32184280905549], [27.692956876600675, 62.33303482931899], [27.675455574333892, 62.35214977486079], [27.69102310305, 62.36824334543653], [27.685582297850686, 62.38862590936887], [27.57257253483446, 62.44805730325164], [27.385598516955632, 62.5054654115066], [27.36356287126648, 62.53001760866349], [27.34450960541389, 62.52287900615478], [27.369500031149528, 62.516120961335304], [27.347416724551074, 62.5084527398276], [27.362417411780726, 62.49623404740716], [27.302528270659003, 62.48588808266398], [27.28380118520938, 62.46219084707185], [27.224906041486598, 62.48003645912462], [27.220623895293375, 62.463756917639664], [27.202826021501508, 62.46667147092513], [27.211105727919392, 62.478811315684275], [27.189367978760316, 62.47014555638711], [27.195460799459763, 62.45595197777806], [27.16668753452847, 62.459220880604704], [27.170212002102875, 62.47614765203302], [27.114057109516953, 62.5062134808354], [27.10214802122828, 62.48476705789458], [27.081415942522874, 62.48852684477431], [27.061289554207047, 62.471323432205914], [26.997146054897158, 62.46950900644735], [26.96855144223121, 62.48840081649093], [26.94771981636911, 62.47630909784187], [26.971847784637667, 62.45427822335338], [26.954393175626546, 62.44234120086081], [26.87947800836425, 62.48551264757534], [26.81764977253372, 62.455298977123256], [26.832559045233108, 62.442978704225034], [26.760660435651225, 62.423998648904224], [26.68484259048535, 62.46339675305351], [26.633113425783453, 62.45076944121051], [26.47069580208619, 62.51892046319956], [26.59908837407067, 62.59445142579984], [26.57631949480954, 62.6040384423984], [26.598386275363733, 62.61077257590263], [26.591304083425598, 62.641651408612155], [26.56960776065675, 62.6534367754871], [26.52921859839544, 62.72230662310682], [26.446560231004263, 62.789173126266746], [26.356160933673692, 62.74740990824287], [26.222967765660584, 62.82567483033931], [26.18954403960902, 62.82383430888629], [26.154381523235266, 62.84539937199715], [26.18883051585135, 62.86192095674798], [26.068242240010317, 62.889408048004704], [26.039837786893365, 62.9361105292365], [26.222123030666364, 62.954400046554184], [26.272666854885568, 62.92506037470112], [26.33255145559065, 62.98356939350039], [26.28979525029352, 62.98228348861506], [26.222573199671515, 63.025873927473484], [26.23891982096161, 63.04391615517678], [26.334274123861416, 63.035089480359865], [26.24370858969948, 63.07077399317085], [26.163513055721463, 63.14704119858228], [26.1477277902247, 63.2100425367698], [26.184867198629423, 63.21319330374314], [26.175856122729396, 63.24137921026538], [26.141890937304623, 63.274704394818905], [26.12881146216342, 63.330200743615805], [26.07054059661485, 63.3547797400965], [26.17671192230513, 63.43886160547555], [26.138639762689387, 63.45758799482252], [26.18621576303923, 63.498964171821754], [26.19521239639312, 63.56930275616264], [26.291803752867107, 63.58994769331591], [26.268312087611452, 63.70098557829206], [26.252168149418857, 63.704502075848886], [26.267393975264792, 63.70508085367536], [26.242817507053907, 63.80659320792176], [26.21813092207354, 63.831629249221855], [26.52594643358761, 63.94994139192113], [26.516360345115086, 63.96310268684449], [26.546202917864118, 63.95828761481378], [26.870402198627442, 64.03697383104218], [27.012545083969684, 63.99895872936461], [27.261114002894665, 63.9893350866226], [27.418671524405212, 63.966394772759124], [27.41576318046713, 63.95574378457201], [27.44949428158628, 63.944381156101265], [27.49702558240794, 63.94970329063374], [27.477765191389906, 63.961477710062084], [27.54059677647539, 63.956432801905734], [27.650294375850972, 63.91874499787502], [27.745030767498154, 63.908376657130496], [27.91026009238553, 63.852099864894626], [28.273915030079923, 63.66881147531432], [28.35959019331887, 63.7547526231284]], [[28.113377560419494, 62.23525229779052], [28.116682362487676, 62.238411965685266], [28.10390181428194, 62.237200417811955], [28.113377560419494, 62.23525229779052]]]}}, {"type": "Feature", "properties": {"Maaku_ni1": "Pohjois-Karjala", "Maaku_ni2": "Norra Karelen", "maaku2018": "12", "maaku2021": null}, "geometry": {"type": "Polygon", "coordinates": [[[29.971893592266007, 63.75716532977128], [30.244149663299062, 63.607272185402216], [30.258117899115486, 63.58420860293575], [30.38453806345135, 63.545509228034454], [30.48401027157384, 63.46670293281455], [30.787694197604463, 63.40527529408995], [30.850778228982666, 63.36841029019403], [30.934443711533802, 63.355452402298624], [30.979078719789804, 63.30785173782774], [31.137166267081952, 63.265121686434895], [31.237422099676255, 63.21919119986694], [31.272127199640888, 63.10762776413527], [31.462986599229136, 63.024245723814694], [31.44877015720282, 63.00605388350074], [31.502143529729747, 62.99625141393578], [31.58670584724379, 62.9087069617081], [31.455644348756707, 62.79677374639573], [31.466669051252698, 62.78394300286], [31.43920882006571, 62.78488290319758], [31.380325575587296, 62.68993233660943], [31.373157149620134, 62.64972170287559], [31.345910352959027, 62.64354314752869], [31.221620980309538, 62.49857310596672], [31.184829447664438, 62.49370314779121], [31.16252715488033, 62.446062765811675], [30.942742217856896, 62.33323406472007], [30.962219715314895, 62.32776374647376], [30.95501461909276, 62.3123121396414], [30.9042600507241, 62.31039018949071], [30.810813454393546, 62.27066873801933], [30.72030146519334, 62.20887624927745], [30.65704945013582, 62.208903816112304], [30.602859494991034, 62.141771722128944], [30.443775581947513, 62.03254050102469], [30.305593015987252, 61.96417888076535], [30.312735124873917, 61.94495426639363], [30.300742257349736, 61.9349709855705], [30.27416849994651, 61.933643564073336], [30.14395743807287, 61.85224221574102], [30.133585762751526, 61.86430738686273], [30.10612024754341, 61.858656225937175], [29.559271635248923, 61.722072807270926], [29.63836781738469, 61.76063422833693], [29.689571611994513, 61.82029477625343], [29.665414867300832, 61.85508083691114], [29.696825625233604, 61.86439819036371], [29.614863459870392, 61.91332908770582], [29.616219248342098, 61.93572731088514], [29.660372535563994, 61.9768997264513], [29.57244673896128, 62.03012544722496], [29.50933356689515, 62.038291960709394], [29.45952411794828, 62.08115743506116], [29.40726777533149, 62.20178492511718], [29.43008175390875, 62.23652897420915], [29.39403732950623, 62.25035098923679], [29.307516479853245, 62.3343294854062], [29.295965344218814, 62.38672776920097], [29.26770795014768, 62.40768518562411], [29.230808585523306, 62.417756990169934], [29.164489898802778, 62.40177728746757], [29.183888845299137, 62.369438393343245], [29.15953364033097, 62.355889277480564], [29.168239975430513, 62.33205013623989], [29.124362129309723, 62.32651955329317], [29.089451704543077, 62.34297755814368], [29.040910921390864, 62.321161314095285], [29.004596372619915, 62.331998222436305], [28.985260499115235, 62.31061390883265], [28.933075701618915, 62.296092836440714], [28.973272064225327, 62.28868621868764], [28.935069611239246, 62.286014058842646], [28.95089654302166, 62.27682833904256], [28.92784388954695, 62.25376324277525], [28.88862869652048, 62.26368701814198], [28.859728766051433, 62.252882159190726], [28.77931066119925, 62.293363051642075], [28.75283539850998, 62.28676047694959], [28.746712465438453, 62.25329267551044], [28.79403656736907, 62.21058385549042], [28.779667497840784, 62.20492440609513], [28.715854867775086, 62.23548992776159], [28.701820818611093, 62.22375776909517], [28.652808243600372, 62.231323005396575], [28.521114065643904, 62.30942868071474], [28.437926470101583, 62.316843471461], [28.422984161469817, 62.32885960455456], [28.43390786467855, 62.34856819875499], [28.31500423546466, 62.35455262646111], [28.32899226511963, 62.378075179450164], [28.244771666920848, 62.42404586993394], [28.297370339238274, 62.441897902172585], [28.276777504347834, 62.46241944152575], [28.28504012562481, 62.474923764686395], [28.381865571108683, 62.4616357491344], [28.39340453105076, 62.484891556810304], [28.367771268024192, 62.503295073724935], [28.408579566626674, 62.534124025109705], [28.39755486481977, 62.55584292104355], [28.414119358345804, 62.56753807355132], [28.401072819679918, 62.57504658791349], [28.52077386230013, 62.54845677420202], [28.545461551332224, 62.56838141851003], [28.466973016305584, 62.583162658638855], [28.56076435462817, 62.59699485781791], [28.57767211423079, 62.58009208037392], [28.624196013053233, 62.59971017765513], [28.59870254142258, 62.61043995246321], [28.633741569420536, 62.62117599282457], [28.655021383075795, 62.668268933429815], [28.702879530328957, 62.694261100585805], [28.644018306810665, 62.72820152727032], [28.632706418560986, 62.743977335024965], [28.642564385003, 62.76078594885759], [28.717012215009383, 62.77332519845126], [28.774657856388295, 62.82828212329573], [28.833302594789345, 62.82491708315008], [28.929678569086274, 62.77293711975348], [28.966229206542746, 62.802996783503595], [29.097602163195, 62.84558954088111], [29.010294704006995, 62.873521975486604], [28.938618243401596, 62.91593105116973], [28.930909912688257, 62.93662011162411], [28.995740986969032, 62.92763927535681], [28.990910934838144, 62.94216072898348], [28.962781223990536, 62.94580725106967], [28.971774149242, 62.95875883321023], [29.06753588455956, 62.98418639442098], [29.03800833863218, 63.010852450965096], [28.860358181445953, 63.057306482975264], [28.831331948663493, 63.093903525729985], [28.698017484103683, 63.183109208765046], [28.610804132619123, 63.20383531890665], [28.661481412992458, 63.2416620874232], [28.64793609677969, 63.25013375097709], [28.70713636909079, 63.27217634010179], [28.683533184548775, 63.28402874770204], [28.73676392469166, 63.31135742476509], [28.75952581555844, 63.38780885863262], [28.666111141239707, 63.423194112530695], [28.649687119141067, 63.47218707048401], [28.603458541383947, 63.527455579597266], [28.684946335277413, 63.552667370219254], [28.606748833573505, 63.57544167549962], [28.58584806867885, 63.65910593335222], [28.606463679710053, 63.67465967186056], [28.550900087750712, 63.700626129411425], [28.46122731971629, 63.69860800450552], [28.35959019331887, 63.7547526231284], [28.473747572644747, 63.858402229468844], [28.459961282651918, 63.87111722894523], [28.50077086327826, 63.882414665412], [28.885137063755185, 63.835836973703174], [29.682526133017582, 63.87894232828459], [29.72268884212047, 63.748031491688735], [29.77568902625382, 63.70335637022881], [29.87466483636247, 63.749205661575246], [29.971893592266007, 63.75716532977128]]]}}, {"type": "Feature", "properties": {"Maaku_ni1": "Keski-Suomi", "Maaku_ni2": "Mellersta Finland", "maaku2018": "13", "maaku2021": null}, "geometry": {"type": "Polygon", "coordinates": [[[26.138639762689387, 63.45758799482252], [26.17671192230513, 63.43886160547555], [26.07054059661485, 63.3547797400965], [26.12881146216342, 63.330200743615805], [26.141890937304623, 63.274704394818905], [26.175856122729396, 63.24137921026538], [26.184867198629423, 63.21319330374314], [26.1477277902247, 63.2100425367698], [26.163513055721463, 63.14704119858228], [26.24370858969948, 63.07077399317085], [26.334274123861416, 63.035089480359865], [26.23891982096161, 63.04391615517678], [26.222573199671515, 63.025873927473484], [26.28979525029352, 62.98228348861506], [26.33255145559065, 62.98356939350039], [26.272666854885568, 62.92506037470112], [26.222123030666364, 62.954400046554184], [26.039837786893365, 62.9361105292365], [26.068242240010317, 62.889408048004704], [26.18883051585135, 62.86192095674798], [26.154381523235266, 62.84539937199715], [26.18954403960902, 62.82383430888629], [26.222967765660584, 62.82567483033931], [26.356160933673692, 62.74740990824287], [26.446560231004263, 62.789173126266746], [26.52921859839544, 62.72230662310682], [26.56960776065675, 62.6534367754871], [26.591304083425598, 62.641651408612155], [26.598386275363733, 62.61077257590263], [26.57631949480954, 62.6040384423984], [26.59908837407067, 62.59445142579984], [26.572425783197126, 62.58852704539116], [26.556152033072223, 62.56200997553723], [26.47069580208619, 62.51892046319956], [26.633113425783453, 62.45076944121051], [26.698176383168107, 62.459023192445095], [26.705497592049767, 62.42702281032214], [26.680533003419903, 62.40382287453222], [26.780303381443378, 62.350697084039005], [26.669044203050355, 62.341861568419084], [26.661999095819873, 62.32696671252429], [26.683160557527284, 62.30772634992771], [26.610779033199112, 62.29497923064722], [26.632537154158335, 62.28338435399551], [26.624467005617912, 62.26850961033002], [26.638617559318735, 62.23894004140198], [26.659330703958187, 62.23226731303642], [26.65263158690249, 62.216927513737005], [26.614092398783296, 62.21705980210799], [26.544033925070124, 62.265626755066876], [26.47835658267471, 62.246970614942484], [26.49630220747882, 62.22890103290268], [26.44800963592971, 62.210737422180685], [26.435020771121103, 62.2263956391771], [26.41481176376814, 62.2078580973149], [26.3159481060806, 62.200470679413044], [26.22072255014957, 62.11856169386387], [26.41459035089513, 61.97288552760684], [26.334212574974128, 61.9507706343849], [26.343003822058776, 61.900730908124224], [26.324292211731194, 61.88003396978412], [26.37809010798842, 61.883067599362526], [26.371065111378073, 61.87046839701021], [26.389102412187498, 61.85415261429864], [26.367181304908957, 61.8078734652912], [26.42577692404001, 61.79629282856517], [26.53035706195622, 61.70319834070426], [26.515458039986648, 61.62705645776726], [26.377188771119854, 61.65780524736778], [26.34888385146835, 61.634407196298724], [26.354789941614616, 61.62192760894679], [26.315039146393165, 61.60844941601454], [26.2994564057491, 61.62738470543363], [26.31440589900974, 61.63972190318498], [26.283079564939285, 61.65670344106962], [26.267102924689823, 61.64174399790819], [26.191814213347765, 61.650033370899465], [26.1609724662443, 61.61605157033384], [26.13758739122975, 61.619534590414695], [26.070382633986572, 61.6724215016495], [26.08106176295757, 61.70974023348285], [26.052474443499413, 61.738340891406224], [26.041504566432177, 61.723880544556636], [25.994223090314843, 61.728733000346], [25.983852479849787, 61.759599974575174], [25.923645899172683, 61.79074630303617], [25.907523665689737, 61.76507061993775], [25.858455121839736, 61.76207832878816], [25.883322437775945, 61.79462297411907], [25.844956222579064, 61.801407879883904], [25.856129242922815, 61.78078235335181], [25.83129473231653, 61.76800161437838], [25.771178597027447, 61.68506674972471], [25.74277358664774, 61.692513725467165], [25.757200654931953, 61.69858835065389], [25.748910315044956, 61.704807603914695], [25.68816260407918, 61.7183806474979], [25.567022978226234, 61.67359057465236], [25.50133330343761, 61.67685863085971], [25.50086779731158, 61.76298859752207], [25.535220964405983, 61.77955938693449], [25.41226481105315, 61.75525654185271], [25.372843977541507, 61.71307431826702], [25.265179799547568, 61.72646521616461], [25.263917588863936, 61.73920717513592], [25.190253175078638, 61.72941264951524], [24.97927770206339, 61.786949369707834], [24.961636438719076, 61.77654965879459], [24.990030883870848, 61.76208431996341], [24.979555853083255, 61.758384536238346], [25.003500676435277, 61.731258970771], [24.95910554116519, 61.728334614949034], [24.95567407923811, 61.75553447972283], [24.913461529422396, 61.706475292958004], [24.964217025884945, 61.661801001101274], [24.94895109438875, 61.64104284548084], [24.96033446963172, 61.630652653205075], [24.828646168857407, 61.65098529359065], [24.812033982114727, 61.66002370986629], [24.854981481956376, 61.67320625182249], [24.79137407030785, 61.6903952051333], [24.767471172066205, 61.67588761764363], [24.735950999044988, 61.69376296585819], [24.748625477962694, 61.71911475968023], [24.721580603477054, 61.763415633262255], [24.724648670586976, 61.77944273831429], [24.753170609142213, 61.786604497787934], [24.772154016679135, 61.763484096206106], [24.81522675303116, 61.754297409864144], [24.80893054930782, 61.785951882329066], [24.72984886450492, 61.81331651557397], [24.613347010767654, 61.88715193369339], [24.524644009397708, 61.909333340883826], [24.54169141068676, 61.94212956589888], [24.601052022818816, 61.96212703019768], [24.62126074837975, 61.992534453803714], [24.730913470259242, 62.02319175134609], [24.703874283791603, 62.04666584513385], [24.665816285702714, 62.05241023969715], [24.673706319634576, 62.11545689781447], [24.623725450466356, 62.127866302813906], [24.560196406774267, 62.18565007303374], [24.498864263851186, 62.20456344148243], [24.426960852008936, 62.172971579831724], [24.440665403916203, 62.15804714560544], [24.427472397466886, 62.152704496315046], [24.400245202229492, 62.171642773752495], [24.33594797085948, 62.16803968184542], [24.293288363905162, 62.19533298560084], [24.266539640364428, 62.2603115463508], [24.144483263748402, 62.2524997831227], [24.014110087023823, 62.32404009500388], [24.026767245977137, 62.34180981195595], [24.013003199323805, 62.36332637104397], [24.201285141164206, 62.48265814358673], [24.321658741649752, 62.44770130825566], [24.34404105548393, 62.46443904795463], [24.32116910843239, 62.48232112246558], [24.335786625766133, 62.485826606321275], [24.328111426189437, 62.49426631336918], [24.403044926406672, 62.501601844168896], [24.39603157487814, 62.494179583642236], [24.42462223554618, 62.47341129453029], [24.513594188300715, 62.503147350565555], [24.50081070529743, 62.51821362135698], [24.530567918786097, 62.528407846555545], [24.518412548892762, 62.54006087815652], [24.538184016993135, 62.53663829101091], [24.524898506467046, 62.55869152371416], [24.54546115168563, 62.561386346338395], [24.535440060671505, 62.57749568286573], [24.566982439776407, 62.58082845605995], [24.55361260347005, 62.60797016558432], [24.58430596484002, 62.61171567501478], [24.503639205006376, 62.62125628891429], [24.582168733904478, 62.664786460691694], [24.519591938696557, 62.68597828141248], [24.43038382252586, 62.80202436313071], [24.38094956010412, 62.821554554593], [24.39779732513357, 62.82687848766746], [24.362283815940984, 62.8528534400897], [24.335909443639597, 62.84674898212615], [24.3571160119088, 62.87517014531946], [24.363464256214975, 62.86154698883652], [24.448430222607346, 62.87098972571484], [24.44679079148253, 62.89602355120167], [24.342973517179416, 62.91771610221614], [24.348253867601404, 62.96395342606472], [24.289517093018365, 62.999055010792326], [24.305034471766668, 63.00194726471075], [24.297536229149397, 63.03536631193982], [24.249040190291385, 63.01973603208696], [24.215557429204242, 63.030181136512475], [24.278085185184842, 63.03305867963847], [24.27801667930699, 63.06437535023624], [24.317976012593135, 63.06664045881376], [24.35488449236761, 63.118359520505415], [24.530751173470225, 63.15748059091825], [24.77288315886876, 63.133363610733156], [24.7316112288995, 63.14703525646116], [24.762599595276587, 63.21876690072131], [24.751815252346365, 63.25197700310184], [24.766592867635627, 63.25530445797871], [24.75416763368085, 63.2659186751246], [24.80360264750631, 63.27593050497095], [24.772920973115824, 63.35868411710991], [24.902469531305485, 63.43123386119628], [25.081871556059376, 63.46716818445007], [25.113027035082187, 63.502326116447335], [25.140111758835335, 63.5743145732467], [25.251095122078254, 63.61229322512125], [25.481189277277558, 63.53282328004309], [25.774502778289648, 63.50568459045663], [25.892813201761577, 63.43965123657183], [25.994589825442088, 63.429120373691376], [26.138639762689387, 63.45758799482252]]]}}, {"type": "Feature", "properties": {"Maaku_ni1": "Etel\u00e4-Pohjanmaa", "Maaku_ni2": "S\u00f6dra \u00d6sterbotten", "maaku2018": "14", "maaku2021": null}, "geometry": {"type": "Polygon", "coordinates": [[[23.696988937785598, 63.380320685073826], [23.770731350396353, 63.313113813557386], [23.834996904390582, 63.2786216801018], [23.827855691357822, 63.28714694994216], [24.016671274719936, 63.26836522343977], [24.097031498659728, 63.24501124229073], [24.234480902357358, 63.170698829517704], [24.170771053118116, 63.14799834185074], [24.20317960079596, 63.15486858118793], [24.26430746365381, 63.12223465257837], [24.256886209693178, 63.133017478285176], [24.304407955025063, 63.14111622512068], [24.35488449236761, 63.118359520505415], [24.317976012593135, 63.06664045881376], [24.27801667930699, 63.06437535023624], [24.278085185184842, 63.03305867963847], [24.215557429204242, 63.030181136512475], [24.249040190291385, 63.01973603208696], [24.297536229149397, 63.03536631193982], [24.305034471766668, 63.00194726471075], [24.289517093018365, 62.999055010792326], [24.348253867601404, 62.96395342606472], [24.342973517179416, 62.91771610221614], [24.44679079148253, 62.89602355120167], [24.448430222607346, 62.87098972571484], [24.363464256214975, 62.86154698883652], [24.3571160119088, 62.87517014531946], [24.335909443639597, 62.84674898212615], [24.362283815940984, 62.8528534400897], [24.39779732513357, 62.82687848766746], [24.38094956010412, 62.821554554593], [24.43038382252586, 62.80202436313071], [24.519591938696557, 62.68597828141248], [24.582168733904478, 62.664786460691694], [24.503639205006376, 62.62125628891429], [24.58430596484002, 62.61171567501478], [24.55361260347005, 62.60797016558432], [24.566982439776407, 62.58082845605995], [24.535440060671505, 62.57749568286573], [24.54546115168563, 62.561386346338395], [24.524898506467046, 62.55869152371416], [24.538184016993135, 62.53663829101091], [24.518412548892762, 62.54006087815652], [24.530567918786097, 62.528407846555545], [24.50081070529743, 62.51821362135698], [24.513594188300715, 62.503147350565555], [24.450503776665883, 62.510297404850434], [24.485820770974456, 62.49859401844091], [24.42462223554618, 62.47341129453029], [24.39603157487814, 62.494179583642236], [24.403044926406672, 62.501601844168896], [24.328111426189437, 62.49426631336918], [24.335786625766133, 62.485826606321275], [24.32116910843239, 62.48232112246558], [24.34404105548393, 62.46443904795463], [24.321658741649752, 62.44770130825566], [24.201285141164206, 62.48265814358673], [24.013003199323805, 62.36332637104397], [23.924218728096644, 62.3906216951397], [23.90735832041483, 62.41403702774745], [23.899137242732365, 62.484487770259086], [23.867355420737393, 62.48543435329041], [23.868184807236524, 62.46021467499814], [23.839107511088567, 62.45957913417163], [23.83523017152951, 62.49433630873496], [23.803823221872108, 62.47796771747755], [23.810652437431, 62.45404494588567], [23.789283380306504, 62.465892990691984], [23.66371329603884, 62.40863802271171], [23.50340731027714, 62.41464019057095], [23.518056696011445, 62.368051971298584], [23.42275641630791, 62.37831907530123], [23.335643567737108, 62.41180640512202], [23.337763620105836, 62.425083420992664], [23.2750844022053, 62.40790158387541], [23.25010903648523, 62.375644626588304], [23.265970338871615, 62.35986668745669], [23.206340026192084, 62.361001873679726], [23.22805808277645, 62.347209595674784], [23.217823356517783, 62.334166697857015], [22.896869150739338, 62.26900577285889], [22.745574754836642, 62.27330978037812], [22.59174816267786, 62.31112580335365], [22.52482867784256, 62.21019280442436], [22.450427088746558, 62.198458674333935], [22.32006402523628, 62.1031056767111], [22.19872151885397, 62.10333594864565], [22.11483032724195, 62.02906516633018], [21.97468636123973, 61.97975958807452], [21.647847937566617, 62.01958502052666], [21.62891817424714, 62.04030477536956], [21.650840016516092, 62.059287797256374], [21.62545930194524, 62.099304972002585], [21.642999181108394, 62.1117493369431], [21.64170039114433, 62.149443112624546], [21.68416118081404, 62.147805355048014], [21.679727710314257, 62.13820497245542], [21.70441977985143, 62.1605434061144], [21.66697138625236, 62.1865101822424], [21.71078866794823, 62.21753271191924], [21.766206879679157, 62.22110821763883], [21.741383325177775, 62.256099655497245], [21.672860373054764, 62.260112772997395], [21.683154689475142, 62.31907473723327], [21.677792703601224, 62.333183421443806], [21.66306587206234, 62.328996832512644], [21.686334296543986, 62.33957390840711], [21.68657197580987, 62.355213704085415], [21.650141703823284, 62.36731058915833], [21.56110320679329, 62.3570897131415], [21.52348901035234, 62.37956033181882], [21.557133264865808, 62.41341381993382], [21.545563116606072, 62.443870201728366], [21.51157720444904, 62.45319730128458], [21.545360724283245, 62.447197277558054], [21.603338422433954, 62.53089023626104], [21.614804873993872, 62.55430439316709], [21.595526544210454, 62.55846840885123], [21.59176942273942, 62.60543814015145], [21.727242611643483, 62.66633610613863], [21.743105812634656, 62.69435309295193], [21.750198733344934, 62.67641433994609], [21.79096768219392, 62.69422480134101], [21.74779716938069, 62.72020300853436], [21.729210384837838, 62.75773358363678], [21.727185155321955, 62.82099369382857], [21.768113560913292, 62.86484029466147], [21.830962695363365, 62.845363216495045], [21.842400295996963, 62.81756323448164], [21.879477127538536, 62.80420803949118], [22.063232637534856, 62.76345446867739], [22.20067729321923, 62.75157420685445], [22.291612660691175, 62.796894425358715], [22.249806916325873, 62.84111765125288], [22.24899567621533, 62.88001380405033], [22.234063049901003, 62.87625033337349], [22.222041501619707, 62.87927273927722], [22.243888426693086, 62.88069870913373], [22.13790907204337, 62.96582559757165], [22.163664382253714, 62.97623226033037], [22.151542456198683, 63.00919916965781], [22.242322563067844, 63.063726472805364], [22.311199543691544, 63.05611353029847], [22.485547732141015, 63.10006650349278], [22.64861930723766, 63.10538608723718], [22.62917907022761, 63.12850373131292], [22.658202082590858, 63.13313988747664], [22.637268026273578, 63.147097615809955], [22.65047387642553, 63.153311354962526], [22.620278806546292, 63.159323967966344], [22.645226050131953, 63.17314343394066], [22.603297984775143, 63.18806329727472], [22.572186723514736, 63.17933994092707], [22.628538418785375, 63.20991068225008], [22.59588066739881, 63.2294840881587], [22.610611736122024, 63.23782217640062], [22.552853543747478, 63.252952437230995], [22.59586038752524, 63.284007911255046], [22.67264270434341, 63.29770718846276], [22.645264537163573, 63.316794744348], [22.755334689019524, 63.341320762176544], [22.738032146618625, 63.3543924165695], [22.63403364461283, 63.325943870594664], [22.71752860646333, 63.35479613721704], [22.756006297407602, 63.35905175280087], [22.874321252525494, 63.34625372797001], [22.85928945712643, 63.35279621901685], [22.874854973790832, 63.35278256927954], [22.868109917396527, 63.363508463595366], [22.980698910792164, 63.33039742633597], [22.97159968861971, 63.37226563338548], [23.023554256111968, 63.380433873117994], [23.029384992642385, 63.35961764850122], [23.077199391458702, 63.36920245886683], [23.11296561946761, 63.347302534640335], [23.207039642118072, 63.39896142440818], [23.231037910933246, 63.42849081790454], [23.22170846250917, 63.43832866946301], [23.233569464398325, 63.431603239431304], [23.264637219985854, 63.470055624595915], [23.392888589223183, 63.498046659827395], [23.419657424396497, 63.48165279057581], [23.54396217841016, 63.467534211966274], [23.564728573000924, 63.44921785155279], [23.5550064228852, 63.442807251127284], [23.625391416367375, 63.40103212589378], [23.696988937785598, 63.380320685073826]]]}}, {"type": "Feature", "properties": {"Maaku_ni1": "Pohjanmaa", "Maaku_ni2": "\u00d6sterbotten", "maaku2018": "15", "maaku2021": null}, "geometry": {"type": "Polygon", "coordinates": [[[21.327260984727097, 63.1590359881292], [21.240403569607125, 63.16558308174784], [21.22321578762557, 63.19679663272105], [21.220143316436967, 63.18539884368574], [21.210494566177598, 63.19830108564769], [21.192634531866506, 63.202796327997866], [21.208060729383767, 63.18493422843443], [21.164575738515047, 63.185256069376926], [21.15173415701128, 63.199878779951106], [21.161261275142994, 63.204706696756986], [21.13861042790024, 63.211161753397526], [21.146727009483445, 63.230557769098525], [21.100517799480347, 63.26013368083384], [21.129471442924316, 63.263116447283466], [21.114865429004187, 63.27113255485195], [21.126368204568866, 63.27317161986004], [21.085259852375735, 63.28191888992417], [21.102132116481137, 63.291250332891245], [21.08357515160421, 63.3075535838601], [21.14620413062073, 63.27743448313416], [21.227317880711468, 63.28743070693414], [21.180755482158066, 63.29015055930707], [21.189177314684702, 63.29878611492031], [21.177574202261987, 63.301509149080324], [21.19403042358096, 63.302826425539585], [21.18345257842819, 63.312924528804594], [21.198454143157736, 63.30683035908431], [21.21254369629807, 63.32232953796153], [21.25144502015248, 63.320373859099206], [21.23283217460812, 63.30304642131014], [21.237820027889413, 63.295837188704226], [21.26629591260559, 63.30373849004706], [21.25571303723848, 63.31534558346484], [21.269457753188288, 63.313604125286915], [21.26902283480173, 63.28863689591218], [21.225017848973202, 63.27452929667923], [21.220496882639093, 63.25290064164389], [21.195567875388786, 63.256116295093996], [21.237702095835488, 63.233053262358446], [21.273454437315525, 63.24142274851069], [21.270418166515388, 63.252157715164756], [21.31144276388041, 63.242190392308956], [21.306523888902486, 63.235274162975884], [21.319927908377295, 63.22542003771112], [21.317233837291525, 63.25196467639457], [21.277183065899777, 63.25182886504832], [21.275256374629205, 63.26535656203247], [21.308774271237304, 63.25458050527596], [21.371704694635582, 63.27197689627135], [21.368326946950397, 63.28166837132537], [21.42597734697363, 63.27302683222763], [21.415532360917858, 63.26754447631738], [21.450773168992608, 63.254000350878385], [21.43976039114668, 63.252506229919405], [21.455008232102735, 63.243475760782914], [21.442567606931593, 63.22184790441343], [21.462759009446255, 63.20651105380315], [21.405663535655, 63.20701150260137], [21.418450278569644, 63.18897889647147], [21.400209221098827, 63.19717298502711], [21.379458467835946, 63.19260352339586], [21.386215235197497, 63.184857614925114], [21.369951054779747, 63.19083390569252], [21.376953964131623, 63.211915915152794], [21.360583653282365, 63.21253478468946], [21.35862356679298, 63.19727285794016], [21.30625197033878, 63.17918009542705], [21.331800491438283, 63.176691187660865], [21.31912168802469, 63.17009746021204], [21.327260984727097, 63.1590359881292]]]}}, {"type": "Feature", "properties": {"Maaku_ni1": "Pohjanmaa", "Maaku_ni2": "\u00d6sterbotten", "maaku2018": "15", "maaku2021": null}, "geometry": {"type": "Polygon", "coordinates": [[[21.30546398246236, 62.14267029545512], [21.32891808813836, 62.16293072166082], [21.326355624042513, 62.14289552585458], [21.33973485235265, 62.137871655179524], [21.33548966547066, 62.146820207764314], [21.336905660335603, 62.152942700316174], [21.344706400283687, 62.13151981918876], [21.36520020350381, 62.13482336414902], [21.36027123663922, 62.18588665040462], [21.411368816935088, 62.19727343853315], [21.43971743370277, 62.221920529621215], [21.397010086172312, 62.20229917056165], [21.414924306920135, 62.22465355267084], [21.394268045480597, 62.21605167515047], [21.38531512340172, 62.22900342826836], [21.39346811557402, 62.22879246701804], [21.393529655595486, 62.229497636103446], [21.39575258322653, 62.23093574828594], [21.39615613363089, 62.231900114887196], [21.377549975088584, 62.22911901014569], [21.383418476715956, 62.27358313689071], [21.39836717680045, 62.28026336495036], [21.38543890462978, 62.286141295028976], [21.353123920945773, 62.2464006407318], [21.31985157518548, 62.2438566143328], [21.324881755843286, 62.256099238414315], [21.31382066162295, 62.251106786380625], [21.308435664374535, 62.256345328147844], [21.340159740981765, 62.26134054639854], [21.358569800732806, 62.31102028127836], [21.320434019706017, 62.296454006217886], [21.32925486270607, 62.307115706664476], [21.303233524704527, 62.319903249276635], [21.31390967164422, 62.33250733364771], [21.325832440392308, 62.31735522511979], [21.347052463695796, 62.324074089485485], [21.366098073524963, 62.37131367083492], [21.32893388748633, 62.370643241330434], [21.32313729779293, 62.35733997135935], [21.31502645870583, 62.357067274527765], [21.31366092504535, 62.34852020618245], [21.312059852691274, 62.34644988018629], [21.309454197530894, 62.346307021493914], [21.305126641359738, 62.38081757759028], [21.29035790286662, 62.3732213982197], [21.28168192733036, 62.38556936646057], [21.299143041776787, 62.418145363627595], [21.274611209455024, 62.38955563513564], [21.274720776286937, 62.394968868953846], [21.251492339700494, 62.38796784672581], [21.265124443863453, 62.389558256037915], [21.26605197753525, 62.38512450076007], [21.281146097045458, 62.38556349272697], [21.279304985401545, 62.38373663689287], [21.255581646217934, 62.382225372651476], [21.222295443859835, 62.408861650002656], [21.244341972823012, 62.448067765827425], [21.16718647383359, 62.42342798551302], [21.20811201467357, 62.495413753949826], [21.169469399659476, 62.4602346540252], [21.159756448813724, 62.47936703979789], [21.183895396195947, 62.49103917307939], [21.15599827449694, 62.4826127517104], [21.159202583933634, 62.475109676464164], [21.15286054899708, 62.4712795885046], [21.111900203676786, 62.488306206973505], [21.1220736182903, 62.4951529247796], [21.11835105734132, 62.49215901305664], [21.12781274589818, 62.494449315850964], [21.128183375693297, 62.48725277487059], [21.13310175935899, 62.48827735467439], [21.166601436032078, 62.54423367595633], [21.19028780431377, 62.54225987795464], [21.152027410317157, 62.55857419223532], [21.162187662970396, 62.56099969241628], [21.15246002355566, 62.5729101842814], [21.171435730118326, 62.56590331715308], [21.16920209920955, 62.5833968983291], [21.22674619204754, 62.60768917890962], [21.19378883321921, 62.61267634676573], [21.19302295394263, 62.625097397142234], [21.145082404127525, 62.61621952291012], [21.134155387197776, 62.644469915271905], [21.09926665614304, 62.60606734886921], [21.086219192167196, 62.608345568825065], [21.082060919197016, 62.61558794773918], [21.075487657892413, 62.61587253389165], [21.076867162568952, 62.61726936628807], [21.072530194558574, 62.620106302035644], [21.072024275604516, 62.62231998269525], [21.098899180130772, 62.62403890644947], [21.081211602803297, 62.629958967379764], [21.084480660112106, 62.66124085557992], [21.107418602589206, 62.681510271061576], [21.07886459342577, 62.68664125150265], [21.09162854732837, 62.70254910415288], [21.125796647846244, 62.6940358297001], [21.170282626247683, 62.71999975497365], [21.180200762567182, 62.749867943873966], [21.145508580098593, 62.74906830067094], [21.120706392712762, 62.79788003546285], [21.17381683445537, 62.81750069170465], [21.21116659356483, 62.80511211520395], [21.209989124375827, 62.81974822781157], [21.25274743846013, 62.84138876369211], [21.240793844583578, 62.86567177480469], [21.266310778032455, 62.875122720302315], [21.247961126324782, 62.891584595789325], [21.314595350564062, 62.890902253930534], [21.356907178191545, 62.87351661776633], [21.394863273522972, 62.87672571116616], [21.36337182757819, 62.88974845193829], [21.364608644153996, 62.904595191819155], [21.38249402480601, 62.905045733404286], [21.38607316959341, 62.88296271710094], [21.403529616992497, 62.879466987599095], [21.43726523846887, 62.958125584815896], [21.49447525889588, 62.96653863694791], [21.471096421685335, 62.98792098658091], [21.49393509988278, 63.004469227649665], [21.44028691665954, 63.019254354209295], [21.47541477903832, 63.034352293637404], [21.49252902711278, 63.01332910829814], [21.50473293055418, 63.011268354553835], [21.46654746875562, 63.056388259681896], [21.485999346331504, 63.066405185403795], [21.521485142709984, 63.05583247855499], [21.522786471360305, 63.07960562331065], [21.54791011565709, 63.08280474266105], [21.65733630323209, 63.04210540179043], [21.68643955403734, 63.05294128666777], [21.60349350031187, 63.08878071946811], [21.61724923469374, 63.113342232115734], [21.593489595220266, 63.10244213435385], [21.581659383917724, 63.10946524451685], [21.603627845903862, 63.11904856773043], [21.557088597570544, 63.126580989755276], [21.538015519202013, 63.14785175627646], [21.538824153149974, 63.17644823035552], [21.53082028344853, 63.15281863904351], [21.501346455553527, 63.172194421094254], [21.52415683462271, 63.1731523710826], [21.523500719856887, 63.18911705969239], [21.568063764040296, 63.18837742043472], [21.51875859923475, 63.19667308529009], [21.53330094463326, 63.197703487509976], [21.516835940119602, 63.20521649158904], [21.52691956253949, 63.23889245143524], [21.543570893860917, 63.23533519867092], [21.564088534350063, 63.24891021763658], [21.537495482750256, 63.25648230049765], [21.551649501853678, 63.25997540697258], [21.53966548745124, 63.26018357580527], [21.548223922446976, 63.2741484557821], [21.58686851435617, 63.28641421879599], [21.57306854104395, 63.273381272410546], [21.588305116043845, 63.25226539373314], [21.578452242896223, 63.24716712748314], [21.669805499042184, 63.209755040809426], [21.699504035286868, 63.23727483069239], [21.746508157326506, 63.21570444120734], [21.772435570870087, 63.21876078804057], [21.743335941338444, 63.224969740495155], [21.740233681182268, 63.242406758012315], [21.793480375091704, 63.25322576181118], [21.774062210920608, 63.257305554181016], [21.80808703617025, 63.276617593870654], [21.79090387662805, 63.25932387124474], [21.810883512594735, 63.26383729791822], [21.81342639870978, 63.250164719596754], [21.917523985958365, 63.278291617826696], [21.93211406798392, 63.269709455325604], [21.91967457473541, 63.25270829201136], [21.929436190153652, 63.230852713716544], [21.94623863800432, 63.263659115566945], [21.965098863937218, 63.247346305742724], [21.98473079305833, 63.26604550572456], [22.01716361088087, 63.251674861721355], [21.99282067679582, 63.228510434511676], [21.99769026703024, 63.22115900881678], [22.004041938270348, 63.233229981647575], [22.022167231085245, 63.22186179509116], [21.953803359996027, 63.21519802818352], [21.975668314079766, 63.18835006380788], [21.943785305658455, 63.186929442372126], [21.97200605021573, 63.18481816819353], [21.952143954254403, 63.18122868843023], [21.966544073863073, 63.169368972342696], [21.957886820578164, 63.162905922989005], [22.002489420788457, 63.158060805015985], [22.008207285170784, 63.177733555002305], [21.98278872835521, 63.18258063251049], [21.973072854289207, 63.20523513231249], [22.04231957298873, 63.20062999044004], [22.04283058250033, 63.22354174345303], [22.0250144613691, 63.230471882188205], [22.02128424089442, 63.24012202314478], [22.044180963280233, 63.24438129869565], [22.030696358201066, 63.246297351846266], [22.024391787388232, 63.2535302877846], [22.090174601273823, 63.25608321236666], [22.096624002031074, 63.23555292652277], [22.062952539407345, 63.213855870346045], [22.086392022387226, 63.214587185014516], [22.13607371595352, 63.239627142736204], [22.126522462922328, 63.24461966328783], [22.175687704068903, 63.24441467256022], [22.182120077647916, 63.231571548306626], [22.191833312740677, 63.259370397652496], [22.241485763031246, 63.2530429869059], [22.237480623918152, 63.27457249840305], [22.255775823941438, 63.296858590967354], [22.287237469741285, 63.30324372497423], [22.283677187780807, 63.314185328758725], [22.36623370330455, 63.28971068406087], [22.363167803822463, 63.317325193325566], [22.348598991048746, 63.32279449891668], [22.39136884045247, 63.33035465693046], [22.38469975791013, 63.345826080343585], [22.34504809525701, 63.378624256391504], [22.295806193292258, 63.39174789097341], [22.30099625693849, 63.40798056768308], [22.204742000153928, 63.450682491625194], [22.2032435411299, 63.47442557944065], [22.304857987328973, 63.48781180209579], [22.350793554036542, 63.45194828296011], [22.358242371445407, 63.4622676410012], [22.40396849612657, 63.43821331027473], [22.29835316812082, 63.499607425766015], [22.289135684017033, 63.523019148855454], [22.3415081838237, 63.57034526627585], [22.32302669752087, 63.58189806244978], [22.37892484537581, 63.57373744346831], [22.363743311686797, 63.546309207274895], [22.34566917295409, 63.55051127293068], [22.38351247941523, 63.52981379118186], [22.386075100984932, 63.51672044547661], [22.36490823604127, 63.51674531138014], [22.359652989863466, 63.50936964242747], [22.396189721592783, 63.512631844704146], [22.414524435130005, 63.49860881468446], [22.40276933623116, 63.49266083312984], [22.41164170709983, 63.47290166013797], [22.4377853788388, 63.491809700376855], [22.448250728260575, 63.47637404632356], [22.45126998755463, 63.51293397892995], [22.484803337882305, 63.53935879142042], [22.461556478230918, 63.56572609006416], [22.484698523907973, 63.55868039340049], [22.474736617362588, 63.574531144660995], [22.499983995408922, 63.56885702930157], [22.519124304648404, 63.59591979990777], [22.466864295950362, 63.58059959602401], [22.460447843465666, 63.59605590176088], [22.426004638035767, 63.591432787726355], [22.428194681184706, 63.60369682700174], [22.52433377391224, 63.622162687699166], [22.51493572984968, 63.64870323573621], [22.55203784006199, 63.67295553147768], [22.595338607072723, 63.66730558302324], [22.61537742205585, 63.724019699786936], [22.646684841432876, 63.71347656155311], [22.62864178219012, 63.699796734193676], [22.662402508239776, 63.70387619670577], [22.686086773399783, 63.68144768369363], [22.698264416340074, 63.687949817310475], [22.695396208933136, 63.719915322010145], [22.74601290130167, 63.7099596130403], [22.754589922648044, 63.71747583440166], [22.713299115727818, 63.725918557769816], [22.715671161626993, 63.73815597249254], [22.699007392749255, 63.73201685836326], [22.700133220716257, 63.75039770629294], [22.67205475496652, 63.76521878578956], [22.712052969911813, 63.76757783694535], [22.70340132121759, 63.77733786530529], [22.73812063978979, 63.78429414293037], [22.764143562523024, 63.799741052047345], [22.72057204424478, 63.799468088780756], [22.73248984454927, 63.79088290686932], [22.722313724588005, 63.785936981143294], [22.66700210236995, 63.81357180422429], [22.694282981688215, 63.81720894572782], [22.691818020641843, 63.83276797347709], [22.714720943863878, 63.828431148102815], [22.698375834163045, 63.84037658955672], [22.726789703696852, 63.84985218148277], [22.775419549594147, 63.834984519541266], [22.82651022700582, 63.84395022756793], [22.801793382176626, 63.84551355997312], [22.77928086616386, 63.85982104081045], [22.849985518661512, 63.84999587392814], [22.88680158908513, 63.81255347704867], [22.859859441504753, 63.784707122273815], [22.930453708113525, 63.76732957250555], [22.93201137831216, 63.77829817518292], [22.940703886180163, 63.76924538315228], [23.012862335615303, 63.7914216645986], [23.183130910685477, 63.7446444147602], [23.16909376725084, 63.73996031711205], [23.239976958302226, 63.71358051823939], [23.265585006591607, 63.74147832555109], [23.323463509506833, 63.76220856266952], [23.391858747257118, 63.75930072743142], [23.448186663502717, 63.73758790368047], [23.47764037853383, 63.77913002379599], [23.74408122336946, 63.675436995818096], [23.70485218771099, 63.65654198237603], [23.64987145303129, 63.67108675979719], [23.542731380906847, 63.63349229069578], [23.468827334646793, 63.6616080396836], [23.484913149135426, 63.639976659824114], [23.453230086157888, 63.629062876554286], [23.46446804137233, 63.616264858185865], [23.42240720521608, 63.61601354796723], [23.49096452096085, 63.58637531259659], [23.55659333912798, 63.60413341609083], [23.57956368333162, 63.58526739215733], [23.55599910323526, 63.5675932535612], [23.57800916771581, 63.57017348801507], [23.578621459517585, 63.55341102732476], [23.65103000164719, 63.530934930002985], [23.66002827205867, 63.43482730856725], [23.70992525929705, 63.382877102020224], [23.625391416367375, 63.40103212589378], [23.5550064228852, 63.442807251127284], [23.564728573000924, 63.44921785155279], [23.54396217841016, 63.467534211966274], [23.419657424396497, 63.48165279057581], [23.392888589223183, 63.498046659827395], [23.264637219985854, 63.470055624595915], [23.233569464398325, 63.431603239431304], [23.22170846250917, 63.43832866946301], [23.231037910933246, 63.42849081790454], [23.207039642118072, 63.39896142440818], [23.11296561946761, 63.347302534640335], [23.077199391458702, 63.36920245886683], [23.029384992642385, 63.35961764850122], [23.023554256111968, 63.380433873117994], [22.97159968861971, 63.37226563338548], [22.980698910792164, 63.33039742633597], [22.868109917396527, 63.363508463595366], [22.874854973790832, 63.35278256927954], [22.85928945712643, 63.35279621901685], [22.874321252525494, 63.34625372797001], [22.737975040454096, 63.3594474623143], [22.63403364461283, 63.325943870594664], [22.738032146618625, 63.3543924165695], [22.755334689019524, 63.341320762176544], [22.645264537163573, 63.316794744348], [22.67264270434341, 63.29770718846276], [22.59586038752524, 63.284007911255046], [22.552853543747478, 63.252952437230995], [22.610611736122024, 63.23782217640062], [22.59588066739881, 63.2294840881587], [22.628538418785375, 63.20991068225008], [22.572186723514736, 63.17933994092707], [22.603297984775143, 63.18806329727472], [22.645226050131953, 63.17314343394066], [22.620278806546292, 63.159323967966344], [22.65047387642553, 63.153311354962526], [22.637268026273578, 63.147097615809955], [22.658202082590858, 63.13313988747664], [22.62917907022761, 63.12850373131292], [22.64861930723766, 63.10538608723718], [22.485547732141015, 63.10006650349278], [22.311199543691544, 63.05611353029847], [22.242322563067844, 63.063726472805364], [22.151542456198683, 63.00919916965781], [22.163664382253714, 62.97623226033037], [22.13790907204337, 62.96582559757165], [22.243888426693086, 62.88069870913373], [22.222041501619707, 62.87927273927722], [22.24899567621533, 62.88001380405033], [22.249806916325873, 62.84111765125288], [22.291612660691175, 62.796894425358715], [22.20067729321923, 62.75157420685445], [21.91162656847053, 62.79500675926104], [21.842400295996963, 62.81756323448164], [21.830962695363365, 62.845363216495045], [21.768113560913292, 62.86484029466147], [21.727185155321955, 62.82099369382857], [21.729210384837838, 62.75773358363678], [21.74779716938069, 62.72020300853436], [21.79096768219392, 62.69422480134101], [21.750198733344934, 62.67641433994609], [21.743105812634656, 62.69435309295193], [21.727242611643483, 62.66633610613863], [21.59176942273942, 62.60543814015145], [21.595526544210454, 62.55846840885123], [21.614804873993872, 62.55430439316709], [21.603338422433954, 62.53089023626104], [21.545360724283245, 62.447197277558054], [21.51157720444904, 62.45319730128458], [21.545563116606072, 62.443870201728366], [21.557133264865808, 62.41341381993382], [21.52348901035234, 62.37956033181882], [21.56110320679329, 62.3570897131415], [21.650141703823284, 62.36731058915833], [21.68657197580987, 62.355213704085415], [21.686334296543986, 62.33957390840711], [21.66306587206234, 62.328996832512644], [21.677792703601224, 62.333183421443806], [21.683154689475142, 62.31907473723327], [21.672860373054764, 62.260112772997395], [21.741383325177775, 62.256099655497245], [21.766206879679157, 62.22110821763883], [21.71078866794823, 62.21753271191924], [21.66697138625236, 62.1865101822424], [21.70437079206709, 62.16670635985658], [21.695709845109356, 62.14379115302677], [21.64170039114433, 62.149443112624546], [21.642999181108394, 62.1117493369431], [21.62545930194524, 62.099304972002585], [21.650840016516092, 62.059287797256374], [21.62891817424714, 62.04030477536956], [21.647847937566617, 62.01958502052666], [21.524013227282534, 62.02459119491189], [21.426639758349705, 62.009585019732526], [21.36027318051855, 61.96001426068885], [21.329588781270786, 61.9538955445971], [21.310663893206797, 61.96807356618903], [21.327817238057257, 61.971237883548056], [21.325450513555413, 61.98425261472077], [21.308254356938765, 61.9884575070938], [21.323913276308307, 61.990893396016034], [21.342607524312186, 61.97940797008915], [21.32864509045819, 61.992573206929094], [21.339502857718752, 62.000139362831675], [21.287343559151385, 61.98619131260265], [21.279158054319286, 61.993180026625964], [21.309559476515417, 62.03926221509197], [21.307845560046342, 62.07306661958656], [21.321594943666902, 62.06678654049267], [21.317652294358652, 62.14059850656028], [21.30546398246236, 62.14267029545512]], [[21.743123805489763, 62.222705760675765], [21.74823056920639, 62.22789549091725], [21.737914235350306, 62.22731639652925], [21.743123805489763, 62.222705760675765]], [[23.240968946795487, 63.4560379905298], [23.21604832585408, 63.46747991190929], [23.196142974586998, 63.46791873826364], [23.23057374170894, 63.4534263922036], [23.240968946795487, 63.4560379905298]]]}}, {"type": "Feature", "properties": {"Maaku_ni1": "Keski-Pohjanmaa", "Maaku_ni2": "Mellersta \u00d6sterbotten", "maaku2018": "16", "maaku2021": null}, "geometry": {"type": "Polygon", "coordinates": [[[23.405962748869534, 64.08857657732142], [23.441107421972433, 64.08158568118033], [23.475697060523267, 64.05592687533428], [23.567075723545955, 64.04116255008593], [23.594349655986168, 64.04829026301047], [23.582683831845586, 64.05572856348448], [23.617079901957105, 64.04890225788336], [23.711564454846354, 63.97763290630342], [23.746145292073162, 63.97373193069874], [23.748412641396165, 63.99265319626647], [23.77833670964268, 63.99696423253816], [23.843553751502103, 63.969860752049414], [23.91060919229023, 63.96497948808509], [23.944652186420807, 63.971161946292064], [23.87295182868559, 64.01491571038038], [23.929269480601086, 64.03448000538178], [23.911625660314815, 64.0626775813663], [23.93230551871851, 64.06164412374565], [23.915031175057333, 64.06692796394668], [23.961291829106745, 64.07698170718412], [23.970442734244163, 64.09526557988293], [24.08707768160462, 64.07114501198203], [24.098006335040356, 64.01135788105422], [24.111321328949003, 64.00717901196414], [24.098952496405943, 64.00629122112066], [24.151092650319278, 63.96261525699925], [24.13659206939682, 63.957109629365966], [24.217120196641446, 63.93292055734446], [24.24745225713967, 63.87694948483351], [24.42552253221674, 63.84007316519635], [24.561967578402836, 63.68879272628179], [24.61909529095351, 63.64947159677011], [24.82016950348651, 63.586605032543716], [25.03631555495133, 63.45807316623559], [24.902469531305485, 63.43123386119628], [24.772920973115824, 63.35868411710991], [24.80360264750631, 63.27593050497095], [24.75416763368085, 63.2659186751246], [24.766592867635627, 63.25530445797871], [24.751815252346365, 63.25197700310184], [24.762599595276587, 63.21876690072131], [24.7316112288995, 63.14703525646116], [24.77288315886876, 63.133363610733156], [24.530751173470225, 63.15748059091825], [24.359007630211984, 63.11642950856416], [24.304407955025063, 63.14111622512068], [24.256886209693178, 63.133017478285176], [24.26430746365381, 63.12223465257837], [24.20317960079596, 63.15486858118793], [24.170771053118116, 63.14799834185074], [24.234480902357358, 63.170698829517704], [24.097031498659728, 63.24501124229073], [24.016671274719936, 63.26836522343977], [23.827855691357822, 63.28714694994216], [23.834996904390582, 63.2786216801018], [23.770731350396353, 63.313113813557386], [23.66002827205867, 63.43482730856725], [23.65103000164719, 63.530934930002985], [23.578621459517585, 63.55341102732476], [23.57800916771581, 63.57017348801507], [23.55599910323526, 63.5675932535612], [23.57956368333162, 63.58526739215733], [23.55659333912798, 63.60413341609083], [23.49096452096085, 63.58637531259659], [23.42240720521608, 63.61601354796723], [23.46446804137233, 63.616264858185865], [23.453230086157888, 63.629062876554286], [23.484913149135426, 63.639976659824114], [23.468827334646793, 63.6616080396836], [23.542731380906847, 63.63349229069578], [23.64987145303129, 63.67108675979719], [23.70485218771099, 63.65654198237603], [23.74408122336946, 63.675436995818096], [23.47764037853383, 63.77913002379599], [23.448186663502717, 63.73758790368047], [23.391858747257118, 63.75930072743142], [23.323463509506833, 63.76220856266952], [23.265585006591607, 63.74147832555109], [23.239976958302226, 63.71358051823939], [23.16909376725084, 63.73996031711205], [23.183130910685477, 63.7446444147602], [23.003557842003303, 63.7963098015339], [23.021024791213115, 63.81496634299604], [22.996003365771685, 63.82376672586733], [23.045718448882724, 63.837698489357415], [23.004745632096473, 63.853022780979856], [23.04234238054799, 63.86066404580618], [23.019402865785977, 63.8666822461291], [23.02899463906298, 63.87957143053631], [23.027952175345483, 63.87433740815527], [23.035844527847686, 63.86792105552275], [23.03475419721152, 63.86606297072292], [23.08758420779691, 63.87988112185439], [23.100201769354843, 63.85593092778135], [23.13300507798736, 63.87025716603338], [23.072830478655785, 63.917380878131446], [23.124749462666063, 63.886264900039734], [23.13956495912725, 63.88813262943329], [23.133069382524674, 63.90336341480041], [23.14377635381171, 63.89721436610727], [23.12721739902885, 63.91809407784091], [23.209098904802513, 63.900434669277956], [23.210903827720596, 63.920699983314165], [23.266122322078964, 63.906458241289585], [23.267167931863018, 63.919328477308646], [23.32213348107285, 63.91883552119061], [23.302078495658396, 63.92556380621825], [23.306535512666372, 63.939911915300414], [23.370506319959222, 63.91223292633504], [23.36191177272545, 63.923561889563295], [23.383334776860824, 63.92410294534421], [23.366860262759126, 63.928854260268395], [23.406962609722815, 63.94213072044115], [23.362592512453524, 63.969312799479226], [23.39605431963865, 63.97994026889292], [23.373526721111205, 64.00231965482989], [23.391210025301486, 64.0160483783088], [23.380674679151884, 64.06013153079], [23.405962748869534, 64.08857657732142]], [[23.02383839453654, 63.87058908965613], [23.027121093176827, 63.868223475750554], [23.035251001320184, 63.867888507507566], [23.02383839453654, 63.87058908965613]], [[24.547510423035064, 63.69708279918816], [24.55422514645505, 63.68898215547625], [24.570025106057173, 63.67627467564989], [24.578978311207894, 63.67333930768333], [24.54580390935226, 63.70093017726429], [24.526031713535264, 63.70662185199174], [24.525178865632704, 63.71279434885319], [24.52103291434638, 63.70587323000235], [24.547510423035064, 63.69708279918816]], [[23.83597801906585, 63.63206835293239], [23.807714296162402, 63.637280289745526], [23.806112647217024, 63.63348287061681], [23.83597801906585, 63.63206835293239]], [[23.50444435469634, 63.59966565322074], [23.50050597660635, 63.6075384823647], [23.470435009942882, 63.608616212618], [23.50444435469634, 63.59966565322074]]]}}, {"type": "Feature", "properties": {"Maaku_ni1": "Pohjois-Pohjanmaa", "Maaku_ni2": "Norra \u00d6sterbotten", "maaku2018": "17", "maaku2021": null}, "geometry": {"type": "Polygon", "coordinates": [[[24.829475915011518, 65.09596146148779], [24.885433396724512, 65.08365015673182], [24.90023364513576, 65.07027094327755], [24.882993644081985, 65.07031171717105], [24.88547329443605, 65.05937047646603], [25.028478542908417, 65.05779429735789], [25.044760178596206, 65.05494742770738], [25.06011507538072, 65.0408159939782], [25.066246557158344, 65.039810343507], [25.069518813099112, 65.03656973024667], [24.918621881603677, 65.03347381847107], [24.898968584094927, 65.04762417136014], [24.834433704907134, 65.05542958265029], [24.79560509667946, 65.05142936836214], [24.830188141514324, 65.04978504856774], [24.819976799963676, 65.03272827888532], [24.840479582613455, 65.03499139237243], [24.881561197345953, 65.0006470550905], [24.868080647526835, 64.9882786503298], [24.875947231537985, 64.96591775751605], [24.791532487757976, 64.94126696368012], [24.737837560855425, 64.9593418557437], [24.732793082310373, 64.97411306599753], [24.747158384106765, 64.9806472778699], [24.70055895069689, 64.97694496305296], [24.728376122785928, 64.96956435275439], [24.69729793564415, 64.9591994439137], [24.630016372452474, 64.9678191332061], [24.547215242949225, 65.0399976851864], [24.64798544245668, 65.08252275735997], [24.829475915011518, 65.09596146148779]]]}}, {"type": "Feature", "properties": {"Maaku_ni1": "Pohjois-Pohjanmaa", "Maaku_ni2": "Norra \u00d6sterbotten", "maaku2018": "17", "maaku2021": null}, "geometry": {"type": "Polygon", "coordinates": [[[24.40093697303175, 64.66264710191894], [24.471370427315566, 64.68714338144474], [24.43674920960081, 64.69186538768159], [24.491826374737872, 64.69666231848768], [24.567872430419044, 64.73483642747358], [24.554777955643033, 64.77269453976686], [24.58065823677349, 64.78540226960767], [24.54038094810339, 64.8183511183187], [24.620983341086298, 64.83466763283865], [24.653354897012697, 64.83634972641859], [24.619659256861475, 64.8307429188865], [24.654381945320182, 64.82957088594334], [24.6437607643055, 64.80746026579094], [24.664516860236038, 64.80248905706817], [24.66889430931263, 64.838528078391], [24.70350294100528, 64.87129654744375], [24.788800822071803, 64.87530641713226], [24.80829941586868, 64.89056864771088], [24.92537399807316, 64.88185103788385], [24.96120060400022, 64.88784194900353], [24.952138749972647, 64.90721443457522], [25.102804499435592, 64.92203237275935], [25.13055694917781, 64.91781377137214], [25.13184181369768, 64.90503879215846], [25.143928385618914, 64.8976817272049], [25.152975341036534, 64.89411884620758], [25.18514968170026, 64.90881206765783], [25.212302293321176, 64.88618617401482], [25.200376831933955, 64.88029407550245], [25.30042415766037, 64.86038569394832], [25.30377158842947, 64.83238804335946], [25.292615518475003, 64.8292735076067], [25.3043645849039, 64.82940801739825], [25.3426705877561, 64.84410562741351], [25.330678945908105, 64.84606930756753], [25.341190723530442, 64.86423778244031], [25.392702543143916, 64.89449164426134], [25.36773861007088, 64.9088094654211], [25.374153969179805, 64.90923274823199], [25.37767132527702, 64.90973306069492], [25.377810613507243, 64.91005191383083], [25.33149944197377, 64.90539292274386], [25.222807731328437, 64.9441573108938], [25.189487280406205, 64.98025847605292], [25.221067337642886, 64.9986283413028], [25.210960381363805, 65.00462424879481], [25.205703510231682, 65.00502975195897], [25.19762741129323, 65.0081991509367], [25.193680084029676, 65.00818162564828], [25.191713561315566, 65.0088542030778], [25.191852061377187, 65.0089311366808], [25.25044056013474, 65.00457710976835], [25.29479933258847, 64.99304769372526], [25.259863297447446, 64.99157403689469], [25.277360479911746, 64.98436051319312], [25.323685630387192, 64.9914899982278], [25.420290142152993, 64.94720206075884], [25.486073975055927, 64.95660963237364], [25.482466608897674, 64.97444753634942], [25.39830442047841, 64.99634186463875], [25.48263840241954, 65.0215243929352], [25.389564133615668, 65.05773624826624], [25.409752449544445, 65.05990881985205], [25.373562398809995, 65.09098934048639], [25.384838826733233, 65.09746555292749], [25.226967948374533, 65.12761105293963], [25.23937277594173, 65.13579048609971], [25.225874253713442, 65.16975255839624], [25.274189287432172, 65.17444419634434], [25.259952715572076, 65.19760836834729], [25.30332678053021, 65.19862721018767], [25.277799290555564, 65.20863183198303], [25.276017916684346, 65.21073330269816], [25.295626109602654, 65.20862669836747], [25.286444376343624, 65.23157552386297], [25.268562842258323, 65.23222602073577], [25.283958829113185, 65.23714798837656], [25.29680722309757, 65.2335676253175], [25.343491006067694, 65.2322642606392], [25.349004618301258, 65.22949968618929], [25.352598703584107, 65.22958223207291], [25.339079046659066, 65.23887610907376], [25.292030654687387, 65.24439244337997], [25.337709592043556, 65.25897815597291], [25.263111258690245, 65.26945978217493], [25.31743101239269, 65.29009054732668], [25.230912428670777, 65.33057872445801], [25.289343519338075, 65.33852402172279], [25.27467547799637, 65.34955338075581], [25.304171405576074, 65.34943895275607], [25.29439240688763, 65.36696713485492], [25.31799065270209, 65.3567618662023], [25.30539331007344, 65.3484242972902], [25.321636665449653, 65.35834793941285], [25.32866442901092, 65.35120966064177], [25.34428112094219, 65.34657302921065], [25.356605063318867, 65.34515900603073], [25.314739102846595, 65.36871550448319], [25.256871294180183, 65.36829488533775], [25.291883546479017, 65.3806796090209], [25.25339400601342, 65.389208455207], [25.26879033824931, 65.39123342339427], [25.260260732150083, 65.41012318513701], [25.301013392245338, 65.39985151561831], [25.376688010336956, 65.42363166651415], [25.3318187471702, 65.43948008771092], [25.35110579707563, 65.43927488100776], [25.32297087665712, 65.44795072639951], [25.34787485352718, 65.4535285710118], [25.318830193871136, 65.47728380221326], [25.335360689319916, 65.47780712537792], [25.324722419592106, 65.48637322727924], [25.298970557815636, 65.48225489099438], [25.280849820052165, 65.48978960086605], [25.28548752827109, 65.50354878505632], [25.209607048932757, 65.54346024172254], [25.20671897699192, 65.56252974703361], [25.150393571901958, 65.56997098903211], [25.117421503865042, 65.54981979919621], [25.11102899467448, 65.57332327137883], [25.082193046255018, 65.57375528203276], [25.084174900369735, 65.58876304802209], [25.179132836710753, 65.65066133700964], [25.307575947888633, 65.68500312985414], [25.389533957275805, 65.7409448651927], [25.790235363655746, 65.74071169024775], [26.160110810319196, 65.82233496839224], [26.158233709368208, 65.72555548454163], [26.673234222664192, 65.70064006869517], [26.824704179784263, 65.70114506042943], [26.98129965498657, 65.72886415171499], [26.983343624806324, 65.71299790389705], [27.022707966586477, 65.71389750704287], [27.005526573303015, 65.73313792695313], [27.071978633341754, 65.72977106091336], [27.156557104295306, 65.78047642223152], [27.179384737727194, 65.7790971008562], [27.162480204121145, 65.78425455617995], [27.244809013747886, 65.83648499975186], [27.235664277684137, 65.84125209330226], [27.34662061335399, 65.89071465253754], [27.3340608587654, 65.89278811081896], [27.40672778437869, 65.93828423902409], [27.526105874545244, 65.92161334397149], [27.567842885184604, 65.92704809859426], [27.596879388824437, 65.95467067904191], [27.654874029243935, 65.9603596118562], [27.69489960595664, 65.900964518881], [27.785684000568597, 65.83815252580855], [27.761099540695145, 65.82731806448643], [28.223498666922616, 65.80059489996994], [28.513195677605598, 65.84620753337536], [28.50876820980303, 65.889780561161], [28.432933016505253, 65.94647149479681], [28.37217098065621, 65.96021884135622], [28.39844450145887, 65.98009321018695], [28.372662741770935, 66.00206013570259], [28.4356074466791, 66.00760502607737], [28.41165033544634, 65.98630211088587], [28.54410475893776, 66.00895518321063], [28.59821919297116, 65.99921714473992], [28.59771291650707, 65.98736614623712], [28.651970996425796, 65.98689030088057], [28.747263990347964, 66.00180795049461], [28.732624538932754, 66.0374324775861], [28.764239825806996, 66.04334480998028], [28.624805336803504, 66.07090452963068], [28.645811318836834, 66.08586227819556], [28.62619998060435, 66.09043485730001], [28.6041634188207, 66.12816250385733], [28.715761753547092, 66.1359078735964], [28.71737080049152, 66.16036022624124], [28.768425291290754, 66.18455304369094], [28.73575460225529, 66.20473741426062], [28.750089585185453, 66.21512442510182], [28.73597820380371, 66.22099159743914], [28.764286521575976, 66.23041887784763], [28.740289303064074, 66.2466008638575], [28.749659454414136, 66.25448293446975], [28.68805436392443, 66.26229549915088], [28.66213157003832, 66.24730858060563], [28.638853530993025, 66.26671659913184], [28.59299808978798, 66.26788376631688], [28.5380874616598, 66.33261018820191], [28.553228543292512, 66.34350869845724], [28.548710586090774, 66.38288476315616], [28.59920712623109, 66.40007271198205], [28.587290328654266, 66.41224713056252], [28.66485339042501, 66.41294791702542], [28.695312021053848, 66.48585323740392], [29.258521606577048, 66.40814694617289], [29.25797326764297, 66.43289263200094], [29.57292981729782, 66.43285320348095], [29.70663358798638, 66.27465541710322], [29.696747831900467, 66.26842833850833], [29.923289999315866, 66.12714351649188], [29.992469203671764, 66.02254280059226], [29.997123834646892, 65.97883538335543], [30.024231027308602, 65.96670303464235], [30.06845957985949, 65.89496792925837], [30.134074134447527, 65.6997241323804], [30.138467226797417, 65.6686789166547], [30.017112626276052, 65.69647918734799], [29.721869588834956, 65.63708484370272], [29.86390446529373, 65.56044412534834], [29.754713957646214, 65.49736568756633], [29.547527888563316, 65.50564199651734], [29.504879125882763, 65.48801915832688], [29.32032165088426, 65.52088835849007], [29.21321752343476, 65.51847740926667], [29.21932418013874, 65.49355645642498], [29.15229358607723, 65.46372274865294], [29.177210781418452, 65.45912869590452], [29.121762101862586, 65.45007438332141], [29.144976046963475, 65.44943598897147], [28.791859384471543, 65.42803140762193], [28.77608115359938, 65.42071271692558], [28.80178010398633, 65.41867809742674], [28.646916865427933, 65.3893380090745], [28.657084785301077, 65.37192132453136], [28.604363641606174, 65.31245777990674], [28.608570683215564, 65.28667838215031], [28.48694865954584, 65.27701543353979], [28.504376892758415, 65.26701232608197], [28.4830740105733, 65.27677544280519], [28.03387802204852, 65.23856142726223], [27.948198464459708, 65.20574238377054], [27.946150316703278, 65.16966522921717], [27.89427385466453, 65.09146897785426], [27.78777898029177, 65.10546275296471], [27.797384651112953, 65.11685521664911], [27.77900480270857, 65.10662182196349], [27.667006390474693, 65.1213141681218], [27.57213104004429, 65.09444615216988], [27.3298837845301, 65.09066018352871], [27.26250392607882, 65.02733986203529], [27.38575153222577, 64.95901457070786], [27.393653384808996, 64.94554477088266], [27.3768644894103, 64.94138431372527], [27.405351837193777, 64.92330575102817], [27.36973646471203, 64.88992249915862], [27.402639607696994, 64.85524603030689], [27.36090431406836, 64.84298355229303], [27.375094701577932, 64.83081407940621], [27.35435639449299, 64.81198893680481], [27.1480915343263, 64.83528737487413], [27.118442452135206, 64.81477296020178], [27.279297628181524, 64.71731353867894], [27.225453380209213, 64.71333249849393], [27.230059579703024, 64.69890173012277], [27.25958627977908, 64.70776077803569], [27.237261675826176, 64.69952804152946], [27.266945970604002, 64.66101123683579], [27.25937426675904, 64.62484730852981], [27.367109690416743, 64.6046442192498], [27.349563900280604, 64.59690191013411], [27.396980803918133, 64.57188462603456], [27.347903300792932, 64.55000016321394], [27.296626097575327, 64.50185891591357], [27.22879371030015, 64.4882549598439], [27.185076641457645, 64.45589011889714], [27.18001229250086, 64.44097885415744], [27.251233686945167, 64.39904561524803], [27.2476222762014, 64.38025535639261], [27.19184167705738, 64.3499015946602], [27.18776641863265, 64.310323813222], [27.04239272273772, 64.28451827422013], [26.964087292376885, 64.29571943262273], [26.9416753767119, 64.32706501681494], [26.8883778251024, 64.30154526915426], [26.81380589546573, 64.30615791966216], [26.748418076598774, 64.27854103131168], [26.767407458814077, 64.26801774519325], [26.77675985396013, 64.12361011486483], [26.76557837264293, 64.11918525112034], [26.776856615060368, 64.12154992380293], [26.781108995531074, 64.0571001665613], [26.870402198627442, 64.03697383104218], [26.546202917864118, 63.95828761481378], [26.516360345115086, 63.96310268684449], [26.52594643358761, 63.94994139192113], [26.21813092207354, 63.831629249221855], [26.242817507053907, 63.80659320792176], [26.267393975264792, 63.70508085367536], [26.252168149418857, 63.704502075848886], [26.268312087611452, 63.70098557829206], [26.291803752867107, 63.58994769331591], [26.19521239639312, 63.56930275616264], [26.18621576303923, 63.498964171821754], [26.138639762689387, 63.45758799482252], [25.994589825442088, 63.429120373691376], [25.892813201761577, 63.43965123657183], [25.808987219669014, 63.49452189902781], [25.738102449996454, 63.514901240927244], [25.481189277277558, 63.53282328004309], [25.251095122078254, 63.61229322512125], [25.140111758835335, 63.5743145732467], [25.113027035082187, 63.502326116447335], [25.081871556059376, 63.46716818445007], [25.03631555495133, 63.45807316623559], [24.82016950348651, 63.586605032543716], [24.61909529095351, 63.64947159677011], [24.561967578402836, 63.68879272628179], [24.42552253221674, 63.84007316519635], [24.24745225713967, 63.87694948483351], [24.217120196641446, 63.93292055734446], [24.13659206939682, 63.957109629365966], [24.151092650319278, 63.96261525699925], [24.098952496405943, 64.00629122112066], [24.111321328949003, 64.00717901196414], [24.098006335040356, 64.01135788105422], [24.08707768160462, 64.07114501198203], [23.970442734244163, 64.09526557988293], [23.961291829106745, 64.07698170718412], [23.915031175057333, 64.06692796394668], [23.93230551871851, 64.06164412374565], [23.911625660314815, 64.0626775813663], [23.929269480601086, 64.03448000538178], [23.87295182868559, 64.01491571038038], [23.944652186420807, 63.971161946292064], [23.91060919229023, 63.96497948808509], [23.843553751502103, 63.969860752049414], [23.77833670964268, 63.99696423253816], [23.748412641396165, 63.99265319626647], [23.746145292073162, 63.97373193069874], [23.711564454846354, 63.97763290630342], [23.61345274658957, 64.05247770075171], [23.633066437867985, 64.0715017416491], [23.588845561337397, 64.09683267419639], [23.598260218685073, 64.10355350191772], [23.581215096596665, 64.11728316916138], [23.643084867952588, 64.11712499213557], [23.627458722499913, 64.14259912058543], [23.649476928431564, 64.13529521351688], [23.697365508825676, 64.1673940146507], [23.698926516542244, 64.18357856319294], [23.720481152222956, 64.18561027750354], [23.68347050982019, 64.21752016162252], [23.695381129614272, 64.21246666788257], [23.707564873023045, 64.21665983229309], [23.68971894715367, 64.21780220550099], [23.685572305109186, 64.21967882856814], [23.73141844002442, 64.21531646333875], [23.81227767168123, 64.23758960711041], [23.833636108757503, 64.25578803732988], [23.815909867136163, 64.25843079783365], [23.820135649482914, 64.27362300973031], [23.84336860161094, 64.2631077440318], [23.832135782411328, 64.27288388346223], [23.8436525721873, 64.2924984620987], [23.913708775993154, 64.28715759448363], [23.918242034942786, 64.33142075427337], [23.98585683199336, 64.35368939935132], [23.98187959422842, 64.37025283108048], [24.029725817744044, 64.41439491508385], [24.088944519771083, 64.41440521204157], [24.099030573123486, 64.42639714435367], [24.079712516708295, 64.44246007651374], [24.178085268193545, 64.4594180454574], [24.192384542519115, 64.48197064032607], [24.249080669267713, 64.50709370183293], [24.29319730093668, 64.50028601064035], [24.248773687744194, 64.53564447137279], [24.30430091327257, 64.52419391381909], [24.352090766579423, 64.53321353957084], [24.376380322096892, 64.55539021911875], [24.35428252507482, 64.56656198917905], [24.381076462215997, 64.58035751962952], [24.360982678507806, 64.59373473555675], [24.38425877058393, 64.6014026072489], [24.35812226836678, 64.60291833681225], [24.398643704936976, 64.62491225184881], [24.38146096450414, 64.63333134539543], [24.401125788676254, 64.64130556060825], [24.390968078889536, 64.65896346642981], [24.410397610131415, 64.65361592820061], [24.424983829345127, 64.66339439488812], [24.40093697303175, 64.66264710191894]], [[27.023933302186904, 64.3144084716616], [27.05966697121638, 64.30088642489996], [27.050937535963822, 64.30699350924144], [27.073415842875033, 64.31293962719185], [27.023933302186904, 64.3144084716616]]]}}, {"type": "Feature", "properties": {"Maaku_ni1": "Kainuu", "Maaku_ni2": "Kajanaland", "maaku2018": "18", "maaku2021": null}, "geometry": {"type": "Polygon", "coordinates": [[[29.754713957646214, 65.49736568756633], [29.733049356778356, 65.47250106956582], [29.72739322965432, 65.40033069983038], [29.746581031308548, 65.34740164012744], [29.601786872270733, 65.2599324028932], [29.634001760296083, 65.23158512046793], [29.764102108466652, 65.22889210855045], [29.88565992723761, 65.20629607142047], [29.893590968109837, 65.19297158196449], [29.819333815479723, 65.14427888537155], [29.896859335162183, 65.10514028815224], [29.73266821845832, 65.09129424137278], [29.626976369601003, 65.06059668232513], [29.599332588217255, 64.99505575110058], [29.619185487337475, 64.95965870883938], [29.610994559440073, 64.92731119273104], [29.644906204956417, 64.86649315864463], [29.699703461899805, 64.8372238621545], [29.687501788717157, 64.81880992816673], [29.73962841883871, 64.78978383543256], [30.042928171799318, 64.7928810500029], [30.08651073530889, 64.77398808633266], [30.041396820538033, 64.74119299941039], [30.053658550101066, 64.71302806852039], [30.135838812691645, 64.64899977931721], [30.130111174714212, 64.63472818975379], [29.98939960304984, 64.5876223462046], [29.986956718647296, 64.53389705001806], [30.02968106070974, 64.50062731371187], [30.024368559204746, 64.48299265709339], [30.058338794500866, 64.45088671586007], [30.044866545910487, 64.40202861648433], [30.109923506374074, 64.3650284962885], [30.21015032661121, 64.35046542222571], [30.36693614066644, 64.29968792410251], [30.36080686251911, 64.2813191190957], [30.388276384464874, 64.2690690787202], [30.48244075626423, 64.2623262960927], [30.509600105555638, 64.22168683457046], [30.46636754603986, 64.20443119836676], [30.553403288371932, 64.13224785258319], [30.52801903031716, 64.04887639362353], [30.320914345945884, 63.90953172967364], [30.26041417490392, 63.822009335688605], [29.968218758225905, 63.75547712358058], [29.87466483636247, 63.749205661575246], [29.77568902625382, 63.70335637022881], [29.72268884212047, 63.748031491688735], [29.682526133017582, 63.87894232828459], [28.885137063755185, 63.835836973703174], [28.50077086327826, 63.882414665412], [28.459961282651918, 63.87111722894523], [28.473747572644747, 63.858402229468844], [28.273915030079923, 63.66881147531432], [27.91026009238553, 63.852099864894626], [27.745030767498154, 63.908376657130496], [27.650294375850972, 63.91874499787502], [27.54059677647539, 63.956432801905734], [27.477765191389906, 63.961477710062084], [27.49702558240794, 63.94970329063374], [27.44949428158628, 63.944381156101265], [27.41576318046713, 63.95574378457201], [27.418671524405212, 63.966394772759124], [27.261114002894665, 63.9893350866226], [27.012545083969684, 63.99895872936461], [26.781108995531074, 64.0571001665613], [26.776856615060368, 64.12154992380293], [26.76557837264293, 64.11918525112034], [26.77675985396013, 64.12361011486483], [26.767407458814077, 64.26801774519325], [26.748418076598774, 64.27854103131168], [26.81380589546573, 64.30615791966216], [26.8883778251024, 64.30154526915426], [26.9416753767119, 64.32706501681494], [26.964087292376885, 64.29571943262273], [27.04239272273772, 64.28451827422013], [27.18776641863265, 64.310323813222], [27.19184167705738, 64.3499015946602], [27.2476222762014, 64.38025535639261], [27.251233686945167, 64.39904561524803], [27.18001229250086, 64.44097885415744], [27.185076641457645, 64.45589011889714], [27.22879371030015, 64.4882549598439], [27.296626097575327, 64.50185891591357], [27.347903300792932, 64.55000016321394], [27.396980803918133, 64.57188462603456], [27.349563900280604, 64.59690191013411], [27.367109690416743, 64.6046442192498], [27.25937426675904, 64.62484730852981], [27.266945970604002, 64.66101123683579], [27.237261675826176, 64.69952804152946], [27.25958627977908, 64.70776077803569], [27.230059579703024, 64.69890173012277], [27.225453380209213, 64.71333249849393], [27.279297628181524, 64.71731353867894], [27.118442452135206, 64.81477296020178], [27.1480915343263, 64.83528737487413], [27.35435639449299, 64.81198893680481], [27.375094701577932, 64.83081407940621], [27.36090431406836, 64.84298355229303], [27.402639607696994, 64.85524603030689], [27.36973646471203, 64.88992249915862], [27.405351837193777, 64.92330575102817], [27.3768644894103, 64.94138431372527], [27.393653384808996, 64.94554477088266], [27.38575153222577, 64.95901457070786], [27.26250392607882, 65.02733986203529], [27.3298837845301, 65.09066018352871], [27.57213104004429, 65.09444615216988], [27.667006390474693, 65.1213141681218], [27.77900480270857, 65.10662182196349], [27.797384651112953, 65.11685521664911], [27.78777898029177, 65.10546275296471], [27.89427385466453, 65.09146897785426], [27.946150316703278, 65.16966522921717], [27.948198464459708, 65.20574238377054], [28.03387802204852, 65.23856142726223], [28.4830740105733, 65.27677544280519], [28.4854156112342, 65.27039954127255], [28.504376892758415, 65.26701232608197], [28.48694865954584, 65.27701543353979], [28.608570683215564, 65.28667838215031], [28.604363641606174, 65.31245777990674], [28.657084785301077, 65.37192132453136], [28.646916865427933, 65.3893380090745], [28.80178010398633, 65.41867809742674], [28.77608115359938, 65.42071271692558], [28.791859384471543, 65.42803140762193], [29.144976046963475, 65.44943598897147], [29.121762101862586, 65.45007438332141], [29.177210781418452, 65.45912869590452], [29.15229358607723, 65.46372274865294], [29.21932418013874, 65.49355645642498], [29.21321752343476, 65.51847740926667], [29.32032165088426, 65.52088835849007], [29.504879125882763, 65.48801915832688], [29.547527888563316, 65.50564199651734], [29.754713957646214, 65.49736568756633]], [[27.1887171499922, 64.45582558235763], [27.20457905356192, 64.44860897484463], [27.225411583840945, 64.44959476172625], [27.225464765745603, 64.4514564147792], [27.1887171499922, 64.45582558235763]], [[27.205566164912035, 64.44120577014526], [27.1877953716068, 64.44823692462303], [27.185347098212063, 64.44784101893993], [27.19450476474779, 64.43929620867249], [27.205566164912035, 64.44120577014526]], [[27.27964490119085, 64.38784666833692], [27.271823960096793, 64.38760326577382], [27.30734017273979, 64.38811567860301], [27.27964490119085, 64.38784666833692]], [[26.82492794011288, 64.25820182793112], [26.854989941364824, 64.26732238142625], [26.810099017417702, 64.27664979474748], [26.82492794011288, 64.25820182793112]]]}}, {"type": "Feature", "properties": {"Maaku_ni1": "Lappi", "Maaku_ni2": "Lappland", "maaku2018": "19", "maaku2021": null}, "geometry": {"type": "Polygon", "coordinates": [[[24.429504735364183, 65.7712942128122], [24.31201594633921, 65.8064617344202], [24.301475490863044, 65.79560840038778], [24.31242627822855, 65.79168069496193], [24.222825675400177, 65.78810949299094], [24.23775883892622, 65.77817960143665], [24.227804235684307, 65.7642913999798], [24.15151190691001, 65.75497264128043], [24.145714693894913, 65.77903102071656], [24.128236060660395, 65.78493323640329], [24.15532318465328, 65.8155006446788], [24.125217264588454, 65.85148341229487], [24.153171155888277, 65.8625786173076], [24.115441305899346, 65.89880634682362], [24.118412253231792, 65.92611855646379], [24.05359871249365, 65.95159229230096], [24.039728002872817, 65.96916807809474], [24.053015779746843, 65.97474046277979], [24.04544309748577, 66.00185696655704], [23.93826470476603, 66.07681597284741], [23.941511312495212, 66.12015308243011], [23.9139140041754, 66.13617757780955], [23.925911740036796, 66.15434907236397], [23.727606048962706, 66.19537983809907], [23.732906793216102, 66.20675175448756], [23.694312783414627, 66.22840407145642], [23.701332039477666, 66.24258141338979], [23.667440925078825, 66.25963662635094], [23.67288019454932, 66.27347845649828], [23.645790304070264, 66.30155875892723], [23.656106597621008, 66.35087922130197], [23.689368416622266, 66.38706822033186], [23.642807518787748, 66.42498059552403], [23.650119684457813, 66.45483094932231], [23.719801582052842, 66.47716564011368], [23.729360071386182, 66.50812100724227], [23.795062192378623, 66.51717602203483], [23.785977454050382, 66.5363067344821], [23.8579879947939, 66.55787621571004], [23.88519023561901, 66.61539434986706], [23.86469248775005, 66.65482796292535], [23.907814552907627, 66.72117545726044], [23.87957497474185, 66.7632435680204], [23.915741664521153, 66.77187048071328], [23.911126930119593, 66.7954146003824], [23.980968879217443, 66.78558688194256], [23.995348401733022, 66.82120009503859], [23.936318865809483, 66.88353521469135], [23.864673619296095, 66.91873142907794], [23.861928990607893, 66.9542683985369], [23.736913460158796, 67.018983009998], [23.670621358525366, 67.06681648296106], [23.655044237327242, 67.10343969030309], [23.551180093231537, 67.17138976342285], [23.595865380925964, 67.20781828844596], [23.54626035874963, 67.2251879287235], [23.562285238675674, 67.23729527223028], [23.551510534867283, 67.24823784491198], [23.569504076121476, 67.25241835188548], [23.56167442736709, 67.26164480845041], [23.722383605957575, 67.28236676955751], [23.774650838041914, 67.33742653346351], [23.73946687314235, 67.34961495892601], [23.735436297066286, 67.3786238951579], [23.717052980499734, 67.38620449012483], [23.763636720293526, 67.42979254678878], [23.547222493553825, 67.46121334056537], [23.494855234150744, 67.44661420058434], [23.412417491903835, 67.4665714867612], [23.39402363780053, 67.48582086002611], [23.48382697148984, 67.53792722550065], [23.45609322259419, 67.56200275518462], [23.53972769067182, 67.5789368351439], [23.53836197104896, 67.60343803835836], [23.558973364108343, 67.6199295221941], [23.492323551360528, 67.66431648976346], [23.492633237118415, 67.69502119769916], [23.477207804731755, 67.70177210711648], [23.494255573269925, 67.79140143955676], [23.47260632386608, 67.81764978426257], [23.477619176621424, 67.84257783616516], [23.5167467513328, 67.88455229048533], [23.642686148262953, 67.9164787155122], [23.664612077393734, 67.94145391253022], [23.650826247521618, 67.96114412345058], [23.57434389635151, 67.97219717990724], [23.535240013824136, 68.00563725447469], [23.38792021478775, 68.04813484993048], [23.305743686662883, 68.14941884347057], [23.261454226882197, 68.15699588601731], [23.152389276627833, 68.13672938024406], [23.14153502207233, 68.18145539627936], [23.162019406719867, 68.19810704207205], [23.141824190216983, 68.20378019027795], [23.144072107805563, 68.24629893340322], [23.07719108542932, 68.26695378335687], [23.056627681236442, 68.30738271131155], [22.845474115480673, 68.36091475464696], [22.834436191260842, 68.368149889103], [22.84515240234062, 68.38319819518844], [22.733910256579144, 68.38517567691935], [22.645999750363302, 68.41686058501985], [22.63849251843137, 68.43457447902804], [22.573435892830073, 68.42209311107077], [22.468213274958252, 68.44136291276332], [22.432160424411926, 68.46491277435126], [22.341759595723175, 68.44487393600322], [22.346834678329586, 68.48222840866629], [22.15245915688117, 68.47009198219843], [22.04324744085548, 68.47966583495003], [22.011043422086573, 68.50003214865121], [21.996015887148566, 68.52174738093174], [22.00611761474396, 68.5332736253961], [21.890321922882652, 68.58389060905185], [21.71698084202409, 68.59038594051451], [21.697336096504348, 68.6101966397255], [21.710179363488194, 68.62483893894886], [21.61816067805409, 68.66425497458405], [21.429107016262293, 68.69195029360947], [21.413077137929864, 68.71013923481507], [21.412461137932798, 68.7485266945714], [21.391291492386205, 68.76445506782838], [21.299083538317703, 68.76240259939857], [21.236675559292024, 68.81292539658597], [20.999059012635797, 68.89615045917863], [20.87805462526368, 68.8935222986096], [20.90353050383546, 68.89990767615407], [20.843199369638157, 68.93667116533828], [20.892354304951276, 68.9416662730304], [20.911666949996924, 68.96874241250354], [20.810734451512765, 69.01902210982728], [20.54863674693082, 69.05996814865578], [20.717322307254804, 69.11979049244091], [21.057543898503553, 69.03628966600574], [21.108675119715354, 69.10392912486903], [21.055625363320377, 69.12208529991084], [20.987574938219495, 69.191926177573], [21.003313170998254, 69.22233668796164], [21.278820770148055, 69.31188402116996], [21.627086329028614, 69.27658830380267], [22.175762398831935, 68.95632430601398], [22.191867994549632, 68.91877368277967], [22.340780646719082, 68.82722489788247], [22.374521901790402, 68.7166665634793], [22.535389323154654, 68.74451196274369], [22.800824045536647, 68.68754801898547], [23.045952047096105, 68.68934331710133], [23.167582291059006, 68.62851893066082], [23.440635647212414, 68.69216349608095], [23.67352020610367, 68.70552137043215], [23.731063502362694, 68.75075140784722], [23.775391388502747, 68.81885112209996], [23.871460767280862, 68.83651918464214], [23.983330149543786, 68.82714318696294], [24.07559159115728, 68.77996683114564], [24.158550526268584, 68.78970938552615], [24.152962318210424, 68.7535910406225], [24.250964790147016, 68.72713206927014], [24.608387914032786, 68.68190159884797], [24.783424591701667, 68.63623461437847], [24.85716613315261, 68.56220981394044], [24.903165774314775, 68.55459183170916], [24.916923969650004, 68.6052466208508], [25.06943841723679, 68.61993160537646], [25.116388980611053, 68.63958833419649], [25.107085325720718, 68.68062813342745], [25.130589723141785, 68.71454635555547], [25.12108592324196, 68.7458684676239], [25.139496324922657, 68.78342833822656], [25.24328841314391, 68.84142353365708], [25.47480275947649, 68.90451680387557], [25.58813948141148, 68.88325968970146], [25.654306529537727, 68.90613596429574], [25.7130495660817, 68.98118031352402], [25.777265466720007, 69.01790983149353], [25.749936749406576, 69.03308464223075], [25.752750551024505, 69.05732140076675], [25.724413149425295, 69.07948762691127], [25.731409741848502, 69.10377204738758], [25.72012942706075, 69.10973221979904], [25.742798264601287, 69.14447418867918], [25.693019851812956, 69.19674401327133], [25.713327281969097, 69.21158805771259], [25.70203989801309, 69.2536623041281], [25.742835945721467, 69.27658857857806], [25.73776491086912, 69.31057718608274], [25.759377962237483, 69.34037894282139], [25.8168454452414, 69.35967629394864], [25.812119932103194, 69.37519388593672], [25.84664762639742, 69.39383510821246], [25.79303770169373, 69.42090869816322], [25.834901092375652, 69.4681962172907], [25.864583314152085, 69.47583810549506], [25.846356489915877, 69.49254176354084], [25.87606997895478, 69.52899684885824], [25.84146214054822, 69.55101279583478], [25.9374919021795, 69.57253217506688], [25.97657652882669, 69.61024288539299], [25.955298730897308, 69.64652734308874], [25.891490730475184, 69.66550287785846], [26.007139691542207, 69.72285515438524], [26.13561868466587, 69.73861472952076], [26.246384407112696, 69.79477090955659], [26.242625261934915, 69.81621215498573], [26.385022380982583, 69.85486916353004], [26.418215751289857, 69.88909306164717], [26.407538361153744, 69.9014819803222], [26.455092701317536, 69.91869914048208], [26.46770734267628, 69.94041620907522], [26.678685765137807, 69.96477209236676], [26.720470174105348, 69.94500696120745], [26.848672306204286, 69.96019553753906], [26.878707992114187, 69.93333786167975], [26.969724199585315, 69.93848551320055], [27.04181321234319, 69.91082181756856], [27.300665429089143, 69.95473261524043], [27.276455120905776, 69.97930405021282], [27.428555412870157, 70.01921339032606], [27.52598678913197, 70.02346379675159], [27.55429623260747, 70.0589837438011], [27.61245539762082, 70.07456025366764], [27.74378933941495, 70.0641612365161], [27.95938141961645, 70.0920997306079], [27.984285257175227, 70.01397066580253], [28.160712772278636, 69.92099368530172], [28.345268044726907, 69.88083212092421], [28.330476109940527, 69.84919254104415], [28.404225765672713, 69.81842492933626], [29.133903461487296, 69.69534053906902], [29.17053282761026, 69.63904133018748], [29.336496793759164, 69.4783220290731], [29.219340059979498, 69.39763599222603], [28.83154064952424, 69.22436064608358], [28.830312896182978, 69.17190134669373], [28.80542979399801, 69.11115554690083], [28.929292078652683, 69.05191534952702], [28.415787989176643, 68.91545076989583], [28.468014929738146, 68.8854350948257], [28.661277928665484, 68.88642098364582], [28.800785896797738, 68.8692846973247], [28.706408182069328, 68.73223766902665], [28.433931913153536, 68.53967167035177], [28.646152594279528, 68.19630355069721], [29.327089343392828, 68.07454146608076], [29.659405093392166, 67.80295924509089], [30.017043628441744, 67.67355326125299], [29.930224496903787, 67.52252424147703], [29.616258847610784, 67.34565326234569], [29.643945218912766, 67.33575430065964], [29.522554839370624, 67.30990403093824], [29.504482404961305, 67.28524211190663], [29.51650148787411, 67.28065839652564], [29.073260230616366, 66.99616220019666], [29.033913039916364, 66.9437948428403], [29.060436999264265, 66.85311876617884], [29.118982972240335, 66.80148292493776], [29.105855916234592, 66.79044705894667], [29.149414609907375, 66.78043337062068], [29.361141333122067, 66.6388597546472], [29.38609691138353, 66.60749684410486], [29.376192856217035, 66.60382412650044], [29.419052017488426, 66.59197191236512], [29.410584580752616, 66.58319258202938], [29.47205555762299, 66.54390093541234], [29.57292981729782, 66.43285320348095], [29.25797326764297, 66.43289263200094], [29.258521606577048, 66.40814694617289], [28.695312021053848, 66.48585323740392], [28.66485339042501, 66.41294791702542], [28.587290328654266, 66.41224713056252], [28.59920712623109, 66.40007271198205], [28.548710586090774, 66.38288476315616], [28.553228543292512, 66.34350869845724], [28.5380874616598, 66.33261018820191], [28.59299808978798, 66.26788376631688], [28.638853530993025, 66.26671659913184], [28.66213157003832, 66.24730858060563], [28.68342847576339, 66.2615938848982], [28.73180774015486, 66.25802588939155], [28.76240721263709, 66.23733798020332], [28.73597820380371, 66.22099159743914], [28.750089585185453, 66.21512442510182], [28.73575460225529, 66.20473741426062], [28.768425291290754, 66.18455304369094], [28.71737080049152, 66.16036022624124], [28.715761753547092, 66.1359078735964], [28.6041634188207, 66.12816250385733], [28.62619998060435, 66.09043485730001], [28.645811318836834, 66.08586227819556], [28.624805336803504, 66.07090452963068], [28.764239825806996, 66.04334480998028], [28.732624538932754, 66.0374324775861], [28.747263990347964, 66.00180795049461], [28.59771291650707, 65.98736614623712], [28.59821919297116, 65.99921714473992], [28.54410475893776, 66.00895518321063], [28.41165033544634, 65.98630211088587], [28.4356074466791, 66.00760502607737], [28.372662741770935, 66.00206013570259], [28.39844450145887, 65.98009321018695], [28.37217098065621, 65.96021884135622], [28.432933016505253, 65.94647149479681], [28.50876820980303, 65.889780561161], [28.513195677605598, 65.84620753337536], [28.223498666922616, 65.80059489996994], [27.761099540695145, 65.82731806448643], [27.785684000568597, 65.83815252580855], [27.69489960595664, 65.900964518881], [27.654874029243935, 65.9603596118562], [27.596879388824437, 65.95467067904191], [27.567842885184604, 65.92704809859426], [27.526105874545244, 65.92161334397149], [27.40672778437869, 65.93828423902409], [27.3340608587654, 65.89278811081896], [27.34662061335399, 65.89071465253754], [27.235664277684137, 65.84125209330226], [27.244809013747886, 65.83648499975186], [27.162480204121145, 65.78425455617995], [27.179384737727194, 65.7790971008562], [27.156557104295306, 65.78047642223152], [27.071978633341754, 65.72977106091336], [27.005526573303015, 65.73313792695313], [27.022707966586477, 65.71389750704287], [26.983343624806324, 65.71299790389705], [26.98129965498657, 65.72886415171499], [26.824704179784263, 65.70114506042943], [26.673234222664192, 65.70064006869517], [26.158233709368208, 65.72555548454163], [26.160110810319196, 65.82233496839224], [25.790235363655746, 65.74071169024775], [25.389533957275805, 65.7409448651927], [25.307575947888633, 65.68500312985414], [25.189066906536443, 65.65544287207821], [25.12933712770326, 65.60733322304465], [25.09252554712865, 65.5900069378086], [25.070041031298825, 65.58810675390912], [25.059919985385335, 65.59313407296573], [25.087494223392007, 65.5916047044521], [25.049429942592464, 65.62187150232597], [24.992238463511114, 65.63186935386325], [25.00517999405626, 65.63744530716265], [25.006327400723105, 65.63857574338887], [25.006218249436113, 65.64007735547432], [24.929569789243796, 65.63352416448564], [24.867339915702214, 65.6684017731107], [24.838628030095542, 65.65926207407925], [24.80494352222861, 65.67118531972201], [24.82060342050129, 65.65969079495122], [24.792010762341846, 65.6482701284011], [24.76993854864268, 65.66040552271642], [24.777189092055977, 65.66453890682213], [24.779743832331853, 65.66907257228574], [24.74888110954539, 65.66562180496913], [24.758196908784882, 65.6541638176548], [24.721257140632765, 65.65254093578638], [24.725009508658044, 65.6396300903169], [24.706267318576565, 65.62935337813072], [24.659434218775587, 65.63896984787887], [24.657491931002912, 65.65388613516211], [24.678181579526903, 65.65874352669955], [24.605070829344825, 65.695252168626], [24.624248097927445, 65.70051981932858], [24.642119692158673, 65.68444315665977], [24.642448312452935, 65.7058941422103], [24.558406293179637, 65.72451249655944], [24.555027320353503, 65.74295318119941], [24.553570990016787, 65.74480510171556], [24.548425365984606, 65.74707628352917], [24.42225212859716, 65.7423397320383], [24.429504735364183, 65.7712942128122]]]}}, {"type": "Feature", "properties": {"Maaku_ni1": "Ahvenanmaan maakunta", "Maaku_ni2": "Landskapet \u00c5land", "maaku2018": "21", "maaku2021": null}, "geometry": {"type": "Polygon", "coordinates": [[[20.172309598550495, 60.01689807374539], [20.153561979268535, 59.995920611873196], [20.11883763763137, 59.997380581146224], [20.10981037841596, 60.00486490180009], [20.13086569574977, 60.01022167300732], [20.085536494641648, 60.050535874130844], [20.048263802874356, 60.03846664832691], [20.017123560623933, 60.069595528115045], [19.984509335011612, 60.066275794882934], [19.97661118344395, 60.07159956775021], [19.974841395366404, 60.073334703986944], [19.974476655179, 60.074662129256396], [19.984612763828544, 60.08823659995235], [20.018659767204053, 60.09674763993623], [20.041200645058435, 60.06528870480852], [20.047230106980578, 60.08536615794044], [20.068333906380012, 60.066288505541564], [20.054809865393786, 60.08251939306094], [20.07907156849037, 60.07418701815142], [20.059061777711516, 60.095620127417064], [20.066584158629833, 60.096837851071896], [20.072547361113532, 60.08852307624731], [20.076925333155135, 60.0890895180621], [20.08002346742565, 60.113229412954816], [20.173790839866406, 60.082143712734506], [20.215729269531014, 60.08898139190705], [20.22461082502851, 60.07225439023877], [20.20798025289416, 60.06476021045233], [20.222479323436527, 60.06406617453477], [20.205564235176485, 60.0269916346966], [20.233941064798984, 60.00715146624285], [20.179405545279863, 59.968643546578754], [20.17582635091391, 59.98179477757375], [20.19066624424445, 59.984202545120375], [20.172309598550495, 60.01689807374539]]]}}, {"type": "Feature", "properties": {"Maaku_ni1": "Ahvenanmaan maakunta", "Maaku_ni2": "Landskapet \u00c5land", "maaku2018": "21", "maaku2021": null}, "geometry": {"type": "Polygon", "coordinates": [[[19.60362886048832, 60.31304660320185], [19.613989452681814, 60.29285537396236], [19.60318021021569, 60.2921085566715], [19.60147500619751, 60.28452207672309], [19.651396571140317, 60.260821829138116], [19.640563136903605, 60.240515102140925], [19.66161569155734, 60.21689452304161], [19.662626377585394, 60.2281790865363], [19.683383178156777, 60.2258916669777], [19.685309013193805, 60.21217036639896], [19.674796292970484, 60.216835099174276], [19.670548071368746, 60.178596738450835], [19.651411003400572, 60.164816309831615], [19.653383836755147, 60.185932299391276], [19.636152028243842, 60.168426264008886], [19.61415287307049, 60.1820091759189], [19.62196856554899, 60.19881663099703], [19.60579295514568, 60.19487104920124], [19.58292702485489, 60.22298743671463], [19.590693006059855, 60.193265116479985], [19.608859894206258, 60.18505404495393], [19.590914417613188, 60.164351437523784], [19.61216765238172, 60.15114430076887], [19.547118706032748, 60.14631083063857], [19.513893465097283, 60.17819786802872], [19.525574247534436, 60.187477633773284], [19.517899087767145, 60.209945241390635], [19.54580314270371, 60.21675506770751], [19.533859946876074, 60.25758668618095], [19.5615482656319, 60.26006400308223], [19.566930114149994, 60.281512149358115], [19.570420478262562, 60.264416977552195], [19.588312000451666, 60.272498428111575], [19.60362886048832, 60.31304660320185]]]}}, {"type": "Feature", "properties": {"Maaku_ni1": "Ahvenanmaan maakunta", "Maaku_ni2": "Landskapet \u00c5land", "maaku2018": "21", "maaku2021": null}, "geometry": {"type": "Polygon", "coordinates": [[[19.9634172693624, 60.4126805398846], [19.95636148103104, 60.38676702889018], [19.92682886256727, 60.3756332811259], [19.94424298353023, 60.37346939707707], [19.931915226199482, 60.35313883312799], [19.948637323779305, 60.373291991372106], [19.985441851029965, 60.37521615806904], [20.022685617020223, 60.35011527434434], [20.011854877913652, 60.375010623307844], [20.024249923223916, 60.37841875685949], [20.04529110587376, 60.36406485213464], [20.068874202110614, 60.37171744882168], [20.042855040673498, 60.35203723423228], [20.04188260660137, 60.33537756949848], [20.08638316241225, 60.37497642882488], [20.127681713704355, 60.36421002422465], [20.105148815063046, 60.36197809516312], [20.09385188206232, 60.345054175194335], [20.137469457408493, 60.3529122890741], [20.126631012510565, 60.341925534975054], [20.167792334973527, 60.3187514126201], [20.144365567282787, 60.35270607648603], [20.1732740510156, 60.34579564881359], [20.169447948017115, 60.331745078983204], [20.173725001020333, 60.346253462859345], [20.19324204164679, 60.34437512291224], [20.187541077137485, 60.32729783512602], [20.211584512001817, 60.322842536594564], [20.15905606687607, 60.284614887860364], [20.18202142923714, 60.28361853966949], [20.204518436042797, 60.310121884399344], [20.2753515931799, 60.28526984857575], [20.24834011869693, 60.267500710884036], [20.255003525777575, 60.250145618233454], [20.23919626658809, 60.23475910221329], [20.210245014027933, 60.24619413186301], [20.24019356905021, 60.208391629945325], [20.21745255395255, 60.196017384517404], [20.20841879581132, 60.199946646050535], [20.205143158695673, 60.20940497679102], [20.20261591783923, 60.209921813568585], [20.16893359231152, 60.175187300409355], [20.120719972971223, 60.198345111280425], [20.080164954740138, 60.18507910636881], [20.06323496185609, 60.19856567287916], [20.08320840924874, 60.20833629552913], [20.09002327381478, 60.22449848807451], [20.079662397571514, 60.233227028180536], [20.081002239425914, 60.233586055963805], [20.084289524859823, 60.232205979079446], [20.086244873133484, 60.23244604198954], [20.119327437200276, 60.2479131630013], [20.116551246691316, 60.2491840409074], [20.07894085700108, 60.233547399652025], [20.082777381658904, 60.21927122225224], [20.05740144914694, 60.19710589271905], [20.043987146098505, 60.200426159577944], [20.030399096896126, 60.21431678344369], [20.047974444678193, 60.222482109211064], [20.033538311210286, 60.2447665938587], [20.013602257526784, 60.24393861457742], [20.056005394742183, 60.30121748097539], [20.03408808150278, 60.31801571113044], [20.026399207525962, 60.30497970160313], [20.040910794036144, 60.30064432998011], [20.02816220149369, 60.291602207298794], [20.04359146448707, 60.29700243919168], [20.02637462473497, 60.28182458247128], [20.015828367435734, 60.28414345325333], [20.012972992181215, 60.279643500055755], [20.010338058285377, 60.28629903769513], [20.003617456939754, 60.28900723501421], [19.995124883295304, 60.28802433176329], [20.00816547442545, 60.2751661379828], [20.027118785107028, 60.278660542492794], [20.014902478920956, 60.2537797363303], [19.971650603499707, 60.28459053976756], [19.98320222568834, 60.29040636435993], [19.979965589828545, 60.30195599072833], [19.966813424840282, 60.28775566077879], [20.019922373416843, 60.23392144964152], [20.000500849588036, 60.20724354686323], [20.01319685084542, 60.1932680368945], [20.002876047868966, 60.180250529969086], [19.98340472262909, 60.199700544598116], [19.932495153002048, 60.21120778039709], [19.968691342157978, 60.233577126226585], [19.940511908692315, 60.218739651243006], [19.939487937323506, 60.24837989374553], [19.92476344614843, 60.24107068195376], [19.932605784976943, 60.203689230130855], [19.988669159584695, 60.190438034287865], [20.0053125964294, 60.16648201387065], [20.00800413389056, 60.18547503562363], [20.044103058243685, 60.190710448983424], [20.039737078075255, 60.166788923391834], [20.02700754247313, 60.16693742588912], [20.039556951794232, 60.157697295666935], [20.01848785434215, 60.149121796597576], [20.022119588434, 60.12497159204027], [20.050919326606316, 60.12031565753201], [20.0391637998026, 60.09832410183916], [19.98975785500236, 60.11072746480952], [19.992173172564808, 60.09607090185559], [19.987126749143265, 60.09109266792158], [19.969511992036754, 60.11504845692332], [19.945582294285934, 60.11214757359598], [19.965772155396774, 60.08587410555683], [19.96154898380196, 60.05707971914001], [19.934272727071534, 60.07837877355411], [19.92331678905065, 60.11851646563661], [19.924665658023784, 60.08610116688454], [19.909929289334904, 60.0790574170509], [19.900702904191085, 60.08523034585331], [19.913838869452597, 60.08993792302092], [19.8778116572398, 60.09824847592367], [19.912742725212343, 60.11632458400608], [19.901938689107364, 60.12164076264315], [19.885912029540386, 60.104700343315535], [19.86284245849301, 60.11022817516831], [19.868299647640594, 60.0895663682687], [19.816862650859235, 60.08909430441124], [19.80893483177019, 60.10692586441374], [19.81886707670561, 60.10938896390505], [19.820503391982825, 60.11424115986987], [19.751430162733637, 60.09316336719254], [19.705579203842056, 60.15297984032267], [19.690117447748474, 60.22815443248119], [19.658623166901247, 60.2477329413388], [19.66596027305669, 60.26237131617814], [19.64934049055001, 60.28390061513502], [19.66216598290915, 60.28843553241009], [19.634660660239636, 60.292232806067894], [19.67435302188853, 60.29999977607666], [19.679452333000278, 60.292405194087834], [19.67349376730468, 60.288603318426524], [19.675050347164202, 60.279178995444035], [19.677455740347405, 60.27824067930542], [19.683228616823857, 60.290603658488294], [19.69692776930211, 60.29130640202322], [19.698904366284502, 60.27246914834955], [19.67928279016695, 60.25823933117374], [19.70360351362712, 60.2632180218973], [19.700795077740295, 60.28889135411168], [19.712791546540988, 60.282699916081455], [19.716112821591942, 60.29805040320897], [19.746697743275583, 60.28079077499312], [19.75304169918904, 60.30239252173326], [19.770545774511987, 60.294825430445044], [19.778161508604633, 60.300176480631286], [19.74680551973089, 60.304336284888606], [19.753611474691798, 60.32186566093738], [19.73766236874676, 60.333572914179356], [19.80287134749408, 60.32287063432673], [19.809270294881905, 60.314094204353175], [19.765691331175663, 60.26457134199105], [19.778417122097554, 60.24396055017589], [19.790322027981034, 60.250893827809826], [19.790663941248656, 60.22241126226181], [19.811804526205123, 60.19758435615052], [19.8281050040344, 60.207521598315545], [19.814125055608304, 60.22230024619449], [19.82900113906639, 60.2252197377466], [19.83881219551776, 60.23347099607539], [19.80165441251267, 60.23212614818025], [19.821179709748925, 60.25510776382747], [19.808132091123422, 60.26257674335369], [19.827848847957075, 60.27081452201691], [19.827279434957834, 60.24082982945233], [19.86007579550622, 60.23823261946059], [19.859703683783398, 60.26062079410001], [19.89690867829809, 60.28192159516182], [19.896169350926208, 60.3032285527217], [19.8703610378595, 60.287094702525216], [19.867310183680846, 60.31165246563124], [19.85796056988304, 60.30283658450089], [19.842790424227665, 60.315103514572606], [19.879823377480967, 60.324960086697665], [19.869099965772392, 60.314022557222074], [19.898554815960242, 60.30435838278003], [19.886741546033292, 60.3174390519344], [19.909005400818295, 60.322045233543356], [19.91029786331057, 60.33900400859212], [19.888903851157618, 60.34346104414724], [19.90497131308472, 60.362337776072394], [19.84686619981984, 60.32042458981272], [19.829798473585942, 60.329450315776434], [19.843068584553535, 60.34529780427444], [19.81136678752576, 60.365662005023296], [19.826843947673805, 60.36933045632013], [19.77595574378156, 60.36146512142521], [19.76901618961051, 60.38119201642179], [19.77834995698391, 60.36593302265225], [19.815069301175708, 60.375493279865076], [19.796256617326573, 60.398573387922816], [19.826754918979976, 60.40340438331498], [19.81544485177227, 60.407206312938136], [19.81537345740184, 60.41977051575978], [19.836541139812226, 60.402354010638575], [19.85537250648549, 60.42639716288183], [19.91577363138606, 60.42328135000264], [19.93420877672977, 60.38404651075366], [19.9634172693624, 60.4126805398846]]]}}]}